DATE,OPEN,HIGH,LOW,CLOSE
01/04/2016,24.72,25.79,21.34,21.93
01/05/2016,21.73,22.09,19.08,19.37
01/06/2016,22.37,22.77,20.11,20.6
01/07/2016,24.16,27.58,23.63,26.19
01/08/2016,23,28.3,22.58,27.98
01/11/2016,26.68,28.34,23.47,24.21
01/12/2016,23.06,23.75,21.42,22.3
01/13/2016,21.48,26.87,21.08,25.57
01/14/2016,25.21,27.53,23.68,24.63
01/15/2016,32.1,35.47,28.96,29.6
01/19/2016,28.83,32.52,28.43,30.43
01/20/2016,34.12,38.55,31.27,32.85
01/21/2016,32.4,33.67,28.2,29.99
01/22/2016,26.17,26.29,22.55,22.59
01/25/2016,25.03,26.32,23.48,26.04
01/26/2016,25.75,26,24.06,24.25
01/27/2016,25.22,26.85,23.51,24.51
01/28/2016,23.4,25.26,22.79,23.4
01/29/2016,22.47,22.48,18.85,19.37
02/01/2016,21.62,22.3,19.25,19.68
02/02/2016,21.59,23.06,21.35,22.19
02/03/2016,21.71,25.2,21.67,22.35
02/04/2016,23.21,23.97,21.56,21.75
02/05/2016,21.7,23.87,21.56,22.96
02/08/2016,26.57,28.88,25.99,26.4
02/09/2016,29.78,30.28,26.01,26.84
02/10/2016,25.64,26.25,23.96,25.53
02/11/2016,29.57,30.04,27.16,27.36
02/12/2016,26,26.49,22.15,22.71
02/16/2016,23.96,24.61,21.56,21.81
02/17/2016,20.98,21.54,20.07,20.27
02/18/2016,20.25,20.7,18.71,19.53
02/19/2016,20.57,21.15,18.18,18.22
02/22/2016,19.54,19.7,17.8,18.39
02/23/2016,19.04,21.16,18.66,20.69
02/24/2016,22.59,23.34,20.47,20.72
02/25/2016,20.47,21.37,17.79,17.79
02/26/2016,17.69,19.22,17.69,18.56
02/29/2016,20.57,20.78,18.77,20.36
03/01/2016,19.6,20,16.92,17.04
03/02/2016,17.55,18.18,15.03,15.78
03/03/2016,16.24,16.74,15.53,15.91
03/04/2016,15.83,16.72,14.86,15.86
03/07/2016,18.6,18.74,17.14,17.66
03/08/2016,19.33,19.73,18.45,19.17
03/09/2016,19.2,19.95,18.72,18.79
03/10/2016,18.33,19.86,16.98,17.66
03/11/2016,16.37,16.72,15.18,15.2
03/14/2016,16.54,17.19,15.66,15.99
03/15/2016,16.97,17.25,16.21,16.46
03/16/2016,17.2,17.2,14.02,14.07
03/17/2016,14.4,14.4,12.44,13.05
03/18/2016,12.76,13,12.32,12.47
03/21/2016,14.01,14.27,12.47,12.77
03/22/2016,13.89,14.12,12.64,13.14
03/23/2016,13.47,13.9,13.17,13.36
03/24/2016,15.27,15.42,12.33,12.35
03/28/2016,14.59,15.08,13.5,14.07
03/29/2016,14.7,14.94,12.06,12.17
03/30/2016,12.15,12.34,11.39,11.87
03/31/2016,12.09,12.79,11.67,12.25
04/01/2016,13.82,13.84,10.72,10.92
04/04/2016,12.4,12.89,11.82,12.5
04/05/2016,14.23,14.53,13.48,13.96
04/06/2016,14.43,14.69,12.15,12.56
04/07/2016,14.09,16.15,13.4,15.2
04/08/2016,14.09,14.53,12.97,13.59
04/11/2016,14.28,15.6,13.64,15.59
04/12/2016,15.2,16.02,13.71,13.71
04/13/2016,13.59,13.59,12.3,12.45
04/14/2016,12.76,12.91,11.84,12.32
04/15/2016,12.52,12.98,12.18,12.2
04/18/2016,14.5,14.5,12.7,12.86
04/19/2016,12.96,13.76,12.69,12.86
04/20/2016,12.41,13.04,12.19,12.8
04/21/2016,12.9,13.63,12.78,13.18
04/22/2016,13.29,13.43,11.73,11.93
04/25/2016,14.07,14.49,13.53,13.62
04/26/2016,13.54,14.06,13.14,13.5
04/27/2016,14.12,14.64,12.42,12.81
04/28/2016,13.76,15.05,12.18,14.55
04/29/2016,15.33,17.07,14.77,14.79
05/02/2016,15.85,15.9,13.59,13.77
05/03/2016,15.48,16.37,14.6,15.17
05/04/2016,16.28,16.72,15.32,15.47
05/05/2016,15.4,16.16,15.02,15.37
05/06/2016,15.67,15.74,13.2,13.38
05/09/2016,14.85,14.98,13.51,13.86
05/10/2016,13.19,13.32,12.75,12.8
05/11/2016,12.71,13.75,12.55,13.75
05/12/2016,13.01,15.16,12.91,13.46
05/13/2016,13.75,14.68,12.66,14.15
05/16/2016,15.91,15.91,13.24,13.59
05/17/2016,14,15.93,13.5,15.11
05/18/2016,15.45,16.5,14.15,15.34
05/19/2016,16.32,17.48,15.28,15.28
05/20/2016,14.66,14.66,12.62,12.73
05/23/2016,14.49,14.49,13.15,13.6
05/24/2016,13.17,13.22,11.75,11.91
05/25/2016,11.73,11.75,11.24,11.41
05/26/2016,11.41,11.83,10.46,10.46
05/27/2016,10.69,11.16,9.73,9.77
05/31/2016,11.66,13.05,11.45,11.85
06/01/2016,12.86,13.26,11.6,11.61
06/02/2016,12.51,12.73,10.99,11.01
06/03/2016,11.47,12.27,9.97,10.11
06/06/2016,11.68,12.01,11.03,11.26
06/07/2016,11.27,11.65,10.98,11.56
06/08/2016,11.54,11.68,10.61,10.89
06/09/2016,12.05,12.42,11.9,12.23
06/10/2016,14.22,16.37,14.11,15.83
06/13/2016,19.94,23.13,19.17,22.94
06/14/2016,24.91,25.46,21.97,23.35
06/15/2016,23.45,23.72,18.71,22.6
06/16/2016,24.86,26.94,21.48,21.89
06/17/2016,22.16,22.81,21.21,22
06/20/2016,20.51,22.59,19.61,22.21
06/21/2016,21.9,23.13,21.45,22.47
06/22/2016,22.97,27.93,22.19,27.86
06/23/2016,22.96,23.56,20.89,21.13
06/24/2016,29.89,31.34,23.34,30.71
06/27/2016,30.04,30.86,24.08,25.06
06/28/2016,22.12,22.12,18.74,19.08
06/29/2016,17.64,17.73,14.97,15.86
06/30/2016,15.22,15.5,12.86,14.05
07/01/2016,13.11,13.17,11.82,11.85
07/05/2016,14.73,15.33,14.02,14.19
07/06/2016,15.44,16.19,13.15,13.18
07/07/2016,13.21,14.37,12.49,13.11
07/08/2016,11.74,12.07,11.15,11.43
07/11/2016,12.21,12.76,11.98,12.23
07/12/2016,11.6,12.87,11.6,12.25
07/13/2016,12.32,12.61,10.91,11.11
07/14/2016,11.76,11.77,10.61,10.93
07/15/2016,10.66,10.91,9.71,10.26
07/18/2016,11.68,11.73,10.93,10.99
07/19/2016,11.26,11.8,10.96,11.02
07/20/2016,10.8,11.09,10.24,10.43
07/21/2016,10.8,12.24,10.41,11.5
07/22/2016,11.33,11.58,10.02,10.22
07/25/2016,12.04,13.09,11.87,11.93
07/26/2016,12.24,12.91,11.83,11.98
07/27/2016,11.7,13.09,11.18,11.61
07/28/2016,11.84,12.54,11.32,11.79
07/29/2016,11.14,11.5,9.9,10.01
08/01/2016,11.33,11.97,10.72,11.1
08/02/2016,11.55,13.53,11.47,12.35
08/03/2016,12.65,13.02,11.1,11.29
08/04/2016,11.03,11.46,10.43,10.8
08/05/2016,9.92,9.96,9,9.18
08/08/2016,10.65,10.65,10.05,10.1
08/09/2016,9.87,10.78,9.36,10.49
08/10/2016,10.41,11.27,10.28,10.68
08/11/2016,10.32,10.54,9.67,9.74
08/12/2016,10.42,10.42,9.26,9.54
08/15/2016,10.44,10.45,9.62,9.72
08/16/2016,10.34,11.21,10.22,10.87
08/17/2016,10.98,13.21,10.57,10.76
08/18/2016,10.85,11.16,9.71,9.9
08/19/2016,10.37,10.99,9.25,9.4
08/22/2016,11.98,12.14,10.71,10.95
08/23/2016,10.39,11.38,10.18,11.37
08/24/2016,11.58,13.81,11.43,12.67
08/25/2016,13.34,13.53,12.21,12.77
08/26/2016,12.66,14.09,10.38,12.1
08/29/2016,13.32,13.34,11.1,11.14
08/30/2016,10.85,11.9,10.85,11.21
08/31/2016,11.3,13.09,11.2,11.64
09/01/2016,11.78,13.79,11.57,11.89
09/02/2016,9.71,10.14,9.02,9.1
09/06/2016,10.47,11.18,9.9,9.98
09/07/2016,10.23,10.53,9.8,9.8
09/08/2016,10.64,11.15,10.48,10.99
09/09/2016,12.94,18.8,12.92,18.78
09/12/2016,23.36,23.51,15.58,16.03
09/13/2016,17.71,21.4,17.53,19.55
09/14/2016,19.58,19.88,17.56,19.38
09/15/2016,18.93,19.13,16.39,17
09/16/2016,17.32,17.86,15.27,15.27
09/19/2016,16.03,16.95,15.24,16.31
09/20/2016,15.9,17.38,15.77,17.22
09/21/2016,16.13,17.88,12.63,12.83
09/22/2016,11.45,11.66,10.44,10.79
09/23/2016,11.35,11.96,10.76,11.39
09/26/2016,14.45,15.82,13.96,15.67
09/27/2016,15.92,15.92,12.7,12.8
09/28/2016,12.5,13.5,11.53,11.72
09/29/2016,12.03,16.94,11.21,14.71
09/30/2016,13.37,14.31,11.65,12.37
10/03/2016,13.93,14.27,12.8,13
10/04/2016,12.55,14.45,11.95,12.95
10/05/2016,12.38,12.53,11.59,12.03
10/06/2016,12.43,13.04,11.41,11.47
10/07/2016,11.32,13.16,11.23,11.47
10/10/2016,11.28,11.43,10.57,10.81
10/11/2016,11.53,15.34,11.53,13.34
10/12/2016,13.62,14.27,12.61,13.16
10/13/2016,15.2,16.06,13.68,14.07
10/14/2016,12.52,13.38,11.89,12.94
10/17/2016,14.38,14.99,13.69,13.81
10/18/2016,12.86,13.3,12.13,12.45
10/19/2016,11.77,12.26,11.36,11.97
10/20/2016,12.09,12.3,11.03,11.07
10/21/2016,11.94,12.1,10.56,10.68
10/24/2016,11.08,11.57,11,11.35
10/25/2016,11.73,12.52,11.57,11.9
10/26/2016,13.11,13.61,12.23,12.58
10/27/2016,12.56,14.62,12.56,14.59
10/28/2016,14.87,18.64,13.8,16.69
10/31/2016,19.23,20.91,18.92,20.19
11/01/2016,20.74,25.76,20.73,22.86
11/02/2016,24.15,24.88,23.25,24.16
11/03/2016,24.12,28.77,24,27.9
11/04/2016,27.95,29.79,27.21,28.82
11/07/2016,25.99,25.99,23.42,24.67
11/08/2016,26.36,26.72,22.54,25.31
11/09/2016,20.18,20.28,15.36,15.36
11/10/2016,14.12,17.32,13.1,14.12
11/11/2016,14.54,15.7,12.68,12.84
11/14/2016,13.93,14.38,12.3,12.51
11/15/2016,12.18,12.19,10.16,10.64
11/16/2016,11.44,11.51,9.3,9.52
11/17/2016,9.47,9.75,8.98,9.38
11/18/2016,9.6,9.62,8.61,8.63
11/21/2016,10.19,10.39,9.47,10
11/22/2016,10.04,10.73,9.97,10.2
11/23/2016,10.44,10.87,9.88,10.06
11/25/2016,10.92,11.09,10.33,10.43
11/28/2016,12.76,12.89,12.19,12.86
11/29/2016,13.05,13.67,12.21,12.64
11/30/2016,12.26,13.51,12.05,13.23
12/01/2016,13.25,15.13,13.21,13.96
12/02/2016,14.14,14.21,12.8,13.64
12/05/2016,12.97,13.03,11.41,11.41
12/06/2016,10.91,11.43,10.42,10.84
12/07/2016,10.61,11.89,9.95,11.79
12/08/2016,11.14,13.05,10.89,12.92
12/09/2016,12.46,12.77,10.96,11.1
12/12/2016,12.19,12.61,12.14,12.25
12/13/2016,12.02,13.45,12.02,12.25
12/14/2016,12.65,13.09,11.59,12.84
12/15/2016,12.5,12.91,11.53,11.85
12/16/2016,11.78,11.99,10.62,10.67
12/19/2016,11.38,11.41,9.91,9.95
12/20/2016,9.98,9.99,9.64,9.85
12/21/2016,9.42,9.8,9.31,9.33
12/22/2016,9.37,9.87,9.12,9.34
12/23/2016,9.6,9.64,8.89,8.98
12/27/2016,10.07,10.31,9.94,10.22
12/28/2016,10.16,11.53,10.08,11.22
12/29/2016,11.65,12.21,11.22,11.64
12/30/2016,11.73,14.12,11.56,12.68
01/03/2017,13.63,13.69,11.97,11.99
01/04/2017,11.49,11.67,10.38,10.68
01/05/2017,10.89,10.94,9.66,9.95
01/06/2017,9.7,9.94,9.06,9.19
01/09/2017,10.34,10.51,9.44,9.44
01/10/2017,9.43,9.56,8.88,8.88
01/11/2017,9.5,10.07,8.86,8.88
01/12/2017,9.57,11.27,9.17,9.32
01/13/2017,9.26,9.27,8.44,8.99
01/17/2017,10.97,11.55,10.55,10.85
01/18/2017,11.2,11.69,10.63,11.29
01/19/2017,10.91,12.68,10.85,11.5
01/20/2017,11.02,11.71,9.69,9.72
01/23/2017,11.31,12.49,10.75,10.92
01/24/2017,10.8,10.89,10.01,10.08
01/25/2017,10.08,10.44,9.74,10.06
01/26/2017,10.23,10.48,9.58,9.71
01/27/2017,9.88,9.94,9.11,9.36
01/30/2017,10.99,13.15,10.99,11.66
01/31/2017,12.27,13.22,11.7,11.77
02/01/2017,11.13,12.09,10.83,12.04
02/02/2017,12.4,12.84,10.85,11.16
02/03/2017,9.88,10.16,9.09,9.19
02/06/2017,10.89,10.89,9.82,10.17
02/07/2017,9.98,10.02,9.25,9.47
02/08/2017,9.86,10.09,9.33,9.6
02/09/2017,9.35,9.35,8.84,8.85
02/10/2017,8.83,9.25,8.67,9.02
02/13/2017,9.63,9.8,9.27,9.32
02/14/2017,9.44,9.54,8.85,8.94
02/15/2017,9.59,10.39,8.66,10.26
02/16/2017,10.48,11.7,9.9,10.02
02/17/2017,10.48,10.61,8.67,9.03
02/21/2017,10.81,11.05,10.14,10.22
02/22/2017,10.64,10.79,10.04,10.39
02/23/2017,10.47,11.41,10.12,10.15
02/24/2017,11.28,11.3,9.34,9.41
02/27/2017,10.53,10.96,10.08,10.83
02/28/2017,11.08,12.01,10.73,11.89
03/01/2017,10.52,11.43,10.32,10.57
03/02/2017,10.98,10.99,9.12,9.6
03/03/2017,9.8,9.82,8.55,8.56
03/06/2017,10.22,10.38,9.58,9.67
03/07/2017,9.74,10.25,9.29,10.23
03/08/2017,10.16,10.91,10.11,10.91
03/09/2017,11.24,11.8,10.76,11.78
03/10/2017,11.13,11.41,10.46,10.67
03/13/2017,11.68,11.68,10.62,10.78
03/14/2017,11.46,12.49,11.27,11.78
03/15/2017,11.83,11.87,9.96,10.76
03/16/2017,10.3,10.31,9.34,9.74
03/17/2017,9.62,9.89,9.01,9.87
03/20/2017,10.73,10.8,9.81,10.23
03/21/2017,9.7,14.45,9.62,14.23
03/22/2017,14.19,14.8,12.96,14.51
03/23/2017,14.61,15.52,13.2,15.14
03/24/2017,14.24,16.7,12.97,13.43
03/27/2017,16.36,16.36,12.04,12.12
03/28/2017,12.21,12.21,10.18,10.51
03/29/2017,10.58,10.59,9.24,10.08
03/30/2017,10,10.02,9.17,9.58
03/31/2017,9.87,10.14,9.27,9.66
04/03/2017,10.76,12.21,10.04,10.16
04/04/2017,10.85,10.85,9.4,9.51
04/05/2017,9.01,11.89,8.69,11.89
04/06/2017,11.02,11.1,9.6,10.27
04/07/2017,10.88,11.69,9.94,10.06
04/10/2017,10.62,10.69,9.73,10.36
04/11/2017,10.77,12.17,10.53,10.54
04/12/2017,10.71,11.62,10.33,10.91
04/13/2017,11.76,12.88,10.7,12.75
04/17/2017,14.91,14.95,12.96,13.44
04/18/2017,14.83,15.84,14.04,14.2
04/19/2017,13.73,16.59,13.52,16.2
04/20/2017,15.69,16.79,14.66,15.83
04/21/2017,16.03,18.55,15.89,17.09
04/24/2017,11.28,11.73,9.91,9.96
04/25/2017,9.83,10.59,9.62,9.8
04/26/2017,9.91,10.24,9.33,9.79
04/27/2017,9.81,10.58,9.08,9.24
04/28/2017,9.34,9.92,9.2,9.42
05/01/2017,10.85,10.86,9.38,9.49
05/02/2017,9.85,10.57,9.78,10.49
05/03/2017,11.09,11.56,10.4,10.78
05/04/2017,10.87,12.09,10.67,11.04
05/05/2017,10.48,11.97,10.29,11.44
05/08/2017,9.85,9.85,8.91,9.09
05/09/2017,9.26,9.64,8.91,9.31
05/10/2017,9.45,9.45,8.85,9.43
05/11/2017,9.82,11.18,9.63,10.35
05/12/2017,10.12,10.31,9.16,9.4
05/15/2017,9.96,9.96,8.9,9.16
05/16/2017,8.89,9.14,8.56,8.96
05/17/2017,11.96,20.22,11.51,20.17
05/18/2017,19.43,19.58,15.69,16.67
05/19/2017,13.17,13.18,10.29,10.98
05/22/2017,10.85,10.85,9.25,9.39
05/23/2017,9.08,9.86,9.08,9.32
05/24/2017,9.21,9.55,8.52,8.56
05/25/2017,8.57,8.99,7.81,8.12
05/26/2017,8.69,8.85,7.51,7.6
05/30/2017,9.47,9.54,8.56,9.04
05/31/2017,8.9,9.91,8.45,8.71
06/01/2017,8.64,9.14,8.22,8.5
06/02/2017,8.65,9.01,8.18,8.47
06/05/2017,9.9,9.96,9.13,9.69
06/06/2017,10.35,10.59,9.92,10.39
06/07/2017,10.44,10.99,10.13,10.13
06/08/2017,10.03,10.35,9.33,9.62
06/09/2017,8.98,12.47,8.35,10.37
06/12/2017,11.8,13.22,11.3,11.35
06/13/2017,10.4,10.44,9.28,9.35
06/14/2017,9.46,10.31,8.74,9.91
06/15/2017,11.58,11.86,9.61,10.14
06/16/2017,9.65,10.33,8.17,8.33
06/19/2017,8.87,8.94,8.13,8.52
06/20/2017,8.77,10.08,8.61,9.42
06/21/2017,9.39,10.2,9.07,9.56
06/22/2017,9.66,10.24,8.79,9.23
06/23/2017,9.11,9.59,8.06,8.38
06/26/2017,8.62,9.32,8.2,8.7
06/27/2017,9.05,10.93,8.52,10.5
06/28/2017,9.35,9.92,8.32,8.49
06/29/2017,8.88,17.68,8.76,11.37
06/30/2017,10.31,11,9.41,9.93
07/03/2017,9.75,10.46,9.14,10.21
07/05/2017,10.18,11.35,9.18,9.65
07/06/2017,11.07,12.3,10.32,11.53
07/07/2017,10.97,11.03,9.07,9.26
07/10/2017,10.85,10.85,9.44,9.9
07/11/2017,10.1,11.27,9.33,9.37
07/12/2017,8.69,8.83,8.02,8.06
07/13/2017,8.58,8.59,8.01,8.01
07/14/2017,8.09,8.18,7.55,7.55
07/17/2017,8.53,8.67,8.28,8.39
07/18/2017,9.18,9.24,8.21,8.44
07/19/2017,8.4,8.4,7.74,7.85
07/20/2017,8.02,9.02,7.59,7.69
07/21/2017,7.85,8.12,6.99,7.1
07/24/2017,8.25,8.31,7.45,7.64
07/25/2017,7.57,8.02,7.45,7.87
07/26/2017,7.96,8.19,7.79,8.07
07/27/2017,7.84,11.65,7.59,9.03
07/28/2017,9.99,10.38,8.34,8.55
07/31/2017,9.54,9.98,8.99,9.43
08/01/2017,9.41,9.71,8.75,8.93
08/02/2017,8.68,9.56,8.4,8.68
08/03/2017,8.91,9.33,8.38,9.31
08/04/2017,8.49,8.82,8.06,8.58
08/07/2017,9.29,9.32,8.28,8.43
08/08/2017,8.76,11.47,8,10.5
08/09/2017,12.8,13.41,10.6,10.72
08/10/2017,13.98,18.27,13.54,17.83
08/11/2017,16.1,17.2,14.34,15.53
08/14/2017,12.39,12.39,11.26,11.63
08/15/2017,10.94,11.55,10.01,10.41
08/16/2017,10.26,10.52,9.02,9.73
08/17/2017,11.01,15.98,10.34,15.77
08/18/2017,15.21,16.1,12.39,13.17
08/21/2017,14.37,14.5,12.48,12.48
08/22/2017,11.9,11.93,9.92,9.92
08/23/2017,11.41,11.41,10.1,11.14
08/24/2017,10.5,11.79,10.32,10.33
08/25/2017,10.18,10.23,8.88,8.97
08/28/2017,9.46,10.27,9.34,9.45
08/29/2017,12.65,12.65,9.57,9.81
08/30/2017,10,10.26,8.94,9.15
08/31/2017,8.89,9.07,8.53,8.66
09/01/2017,8.37,8.66,7.87,7.94
09/05/2017,10.39,13.68,10.26,11.34
09/06/2017,10.69,11.58,9.75,10.22
09/07/2017,10.32,10.96,9.75,9.75
09/08/2017,10.94,11.96,9.8,11.29
09/11/2017,9.76,9.76,9,9.01
09/12/2017,9.14,9.5,8.88,9.25
09/13/2017,9.4,9.41,9.02,9.38
09/14/2017,9.57,9.81,8.9,9.29
09/15/2017,9.24,9.24,7.88,8.3
09/18/2017,9.41,9.45,8.71,8.72
09/19/2017,8.71,9.13,8.62,9.09
09/20/2017,8.92,10.24,8.85,8.95
09/21/2017,9.05,9.43,8.26,8.44
09/22/2017,8.92,8.92,7.87,7.98
09/25/2017,9.23,10.43,8.61,9.21
09/26/2017,9.12,9.99,8.79,9.34
09/27/2017,8.88,9.55,8.73,9.03
09/28/2017,9.27,9.38,8.39,8.39
09/29/2017,8.41,8.65,7.74,7.95
10/02/2017,9.01,9.13,8.12,8.18
10/03/2017,8.24,8.45,7.84,8.04
10/04/2017,8.41,8.59,7.99,8.02
10/05/2017,8.14,8.19,7.61,7.81
10/06/2017,7.97,8.72,7.59,7.88
10/09/2017,8.99,9.38,8.49,9.34
10/10/2017,9.17,9.54,8.72,8.72
10/11/2017,8.66,8.75,8.09,8.32
10/12/2017,8.73,8.92,8.18,8.34
10/13/2017,8.24,8.28,7.76,8.03
10/16/2017,8.61,8.72,8.37,8.46
10/17/2017,8.52,8.8,8.36,8.69
10/18/2017,8.58,8.61,8,8.37
10/19/2017,10,10.41,8.58,8.88
10/20/2017,8.81,8.84,8.03,8.41
10/23/2017,9.32,10.77,8.84,10.77
10/24/2017,10.01,10.62,9.77,10.48
10/25/2017,10.72,13.64,10.43,11.09
10/26/2017,10.56,11.35,10.23,10.69
10/27/2017,10.08,10.25,8.58,8.61
10/30/2017,9.91,10.23,9.1,9.81
10/31/2017,9.28,9.57,9.08,9.32
11/01/2017,8.92,9.66,6.69,9.29
11/02/2017,9.35,10.44,8.3,8.54
11/03/2017,8.26,8.51,7.63,7.84
11/06/2017,8.83,8.83,8.01,8.09
11/07/2017,8.13,9.38,8.05,8.83
11/08/2017,9.01,9.27,7.91,8.28
11/09/2017,9.84,12.97,9,9.65
11/10/2017,10.31,11.12,9.59,10.31
11/13/2017,11.2,11.29,9.25,9.84
11/14/2017,10.64,11.92,9.7,9.73
11/15/2017,12.44,13.66,10.41,11.73
11/16/2017,10.18,10.18,8.21,8.74
11/17/2017,8.58,8.73,7.94,8.49
11/20/2017,9.38,9.43,8.31,8.6
11/21/2017,8.37,8.37,7.61,7.97
11/22/2017,7.91,7.99,7.62,7.87
11/24/2017,8.37,8.41,7.67,7.87
11/27/2017,9.2,9.25,8.69,9
11/28/2017,8.95,9.68,8.67,9.18
11/29/2017,9.24,10.64,9.24,10.16
11/30/2017,10.42,13.07,10.16,11.38
12/01/2017,11.85,17.68,11.21,11.98
12/04/2017,11.91,12.67,10.21,12.21
12/05/2017,12.01,12.01,10.28,11.11
12/06/2017,11.5,11.64,10.74,10.9
12/07/2017,11.16,11.32,9.42,9.51
12/08/2017,9.6,9.6,8.41,8.44
12/11/2017,9.35,9.37,8.67,8.79
12/12/2017,9.07,9.36,8.87,9.24
12/13/2017,9.43,9.43,7.65,9.35
12/14/2017,9.25,9.89,8.51,9.87
12/15/2017,8.87,8.89,8.14,8.25
12/18/2017,8.81,9,7.52,8.05
12/19/2017,8.1,9.03,8.07,9.03
12/20/2017,7.98,8.74,7.85,8.34
12/21/2017,8.05,8.21,7.58,7.63
12/22/2017,7.61,7.94,7.15,7.51
12/26/2017,8.92,8.93,8.3,8.48
12/27/2017,8.46,10.27,7.64,9.71
12/28/2017,9.32,9.43,8.91,9.27
12/29/2017,9.13,10.42,8.94,10.42
01/02/2018,10.38,10.52,8.21,8.54
01/03/2018,8.32,8.32,7.33,7.85
01/04/2018,7.89,8.33,7.49,7.73
01/05/2018,7.94,8.08,7.45,7.7
01/08/2018,8.62,8.71,7.65,7.9
01/09/2018,7.97,8.37,7.67,8.35
01/10/2018,8.77,9.15,7.81,7.85
01/11/2018,8.13,8.17,7.63,7.84
01/12/2018,8.38,8.86,8.02,8.68
01/16/2018,10.1,12.58,10.06,11.25
01/17/2018,11.47,12.2,10.39,11.69
01/18/2018,11.7,12.38,11.3,12.37
01/19/2018,11.8,11.91,10.11,10.41
01/22/2018,11.53,11.53,10.41,10.86
01/23/2018,11.01,11.25,10.53,11.02
01/24/2018,11.2,12.57,9.87,11.45
01/25/2018,11.58,12.37,10.41,11.64
01/26/2018,11.54,11.6,9.42,10.46
01/29/2018,12.34,14.91,12.26,14.91
01/30/2018,16.26,17.21,15.26,16.2
01/31/2018,15.3,15.3,12.35,13.86
02/01/2018,14.43,14.43,12.13,13.86
02/02/2018,14.66,20.78,13.53,18.86
02/05/2018,22.07,61.38,18.15,59.34
02/06/2018,63.23,68.95,28.74,39.46
02/07/2018,36.1,36.1,22.5,32.86
02/08/2018,28.59,45.53,26.94,41.44
02/09/2018,36.64,52.49,29.88,31.64
02/12/2018,31.5,33.89,25.08,26.83
02/13/2018,29.39,29.39,24.65,25.29
02/14/2018,23.03,23.47,18.64,18.73
02/15/2018,18.21,20.81,17.21,18.58
02/16/2018,19.09,21.98,16.16,18.68
02/20/2018,23.32,23.32,19.76,20.64
02/21/2018,20.38,20.42,15.55,20.01
02/22/2018,19.94,20.79,17.31,18.13
02/23/2018,18.13,18.66,14.06,14.98
02/26/2018,16.83,17.01,15.15,15.16
02/27/2018,15.97,18.79,15,18.12
02/28/2018,16.94,19.86,16.35,19.19
03/01/2018,20.03,28.48,19.43,23.89
03/02/2018,28.13,29.35,18.76,18.87
03/05/2018,21.48,21.58,17.47,18.26
03/06/2018,17.4,19.11,16.86,17.23
03/07/2018,19.44,19.91,16.13,16.71
03/08/2018,16.18,17.56,15.52,15.86
03/09/2018,15,15.32,13.19,13.53
03/12/2018,16,16.11,14.63,15.24
03/13/2018,15.12,16.18,14.82,15.36
03/14/2018,15.46,17.82,15.09,17.28
03/15/2018,16.56,17.62,15.33,15.96
03/16/2018,14.93,15.07,14.04,14.93
03/19/2018,17.02,29.09,16.93,21.95
03/20/2018,21.66,22.09,19.36,19.7
03/21/2018,19.88,20.88,15.05,18.52
03/22/2018,22.57,27.11,20.39,26.31
03/23/2018,25.15,30.67,22.82,28.22
03/26/2018,25.4,28,22.06,22.28
03/27/2018,21.77,25.72,19.83,22.95
03/28/2018,23.21,28.19,22.74,24.94
03/29/2018,23.08,23.64,20.2,20.57
04/02/2018,24.09,31.14,23.02,27.31
04/03/2018,26.04,26.99,23.4,23.48
04/04/2018,28.38,28.38,21.56,21.95
04/05/2018,21.74,22.21,19.36,19.93
04/06/2018,22.05,26.87,20.19,23.06
04/09/2018,23.03,24.12,21.6,23.83
04/10/2018,22.39,23.57,20.68,20.92
04/11/2018,20.37,20.93,19.09,20.37
04/12/2018,18.75,19.71,17.51,17.82
04/13/2018,17.06,18.39,16.24,16.36
04/16/2018,17.31,17.55,16.28,16.57
04/17/2018,16.14,16.17,14.46,15.35
04/18/2018,16.4,16.81,14.45,14.64
04/19/2018,15.3,17.28,14.81,15.5
04/20/2018,14.84,18.02,14.63,16.23
04/23/2018,17.24,17.8,15.69,16.44
04/24/2018,15.78,21.5,15.47,19.17
04/25/2018,19.91,22.06,18.63,18.71
04/26/2018,18.49,18.58,15.98,16.01
04/27/2018,15.88,16.84,14.36,14.44
04/30/2018,15.73,17.13,14.93,16.45
05/01/2018,16.98,17.8,15.57,15.7
05/02/2018,15.93,16.53,14.7,16.53
05/03/2018,16.69,21.19,15.73,15.75
05/04/2018,17.27,17.54,13.78,13.86
05/07/2018,15.68,15.68,14.09,14.22
05/08/2018,14.72,15.35,13.94,13.98
05/09/2018,13.95,14.15,12,12.13
05/10/2018,12.36,12.56,11.93,12.43
05/11/2018,12.64,12.65,11.24,11.24
05/14/2018,12.61,12.86,11.92,11.92
05/15/2018,13.28,14.92,13.28,14.29
05/16/2018,13.69,13.78,12.34,12.36
05/17/2018,12.5,12.82,11.51,12.02
05/18/2018,12.49,12.54,11.31,11.48
05/21/2018,11.68,12.3,11.37,11.37
05/22/2018,11.26,11.31,10.62,10.92
05/23/2018,12.48,12.6,9.98,10.06
05/24/2018,10.85,12.74,10.29,10.33
05/25/2018,11.44,11.83,10.81,11.46
05/29/2018,15.83,19.76,14.19,17.24
05/30/2018,16.01,16.04,13.1,13.26
05/31/2018,14.09,15.26,13.15,14.12
06/01/2018,12.59,12.61,11.32,11.44
06/04/2018,13.03,13.06,11.92,12.02
06/05/2018,12.02,12.73,11.5,11.68
06/06/2018,11.69,11.95,11.01,11.03
06/07/2018,11.42,13.35,11.37,11.9
06/08/2018,12.95,13.17,11.43,11.56
06/11/2018,12.8,12.82,12.17,12.53
06/12/2018,12.36,12.54,11.52,12.03
06/13/2018,11.58,12.69,11.43,12.66
06/14/2018,12.95,13.17,11.43,11.56
06/15/2018,11.82,12.49,10.82,10.84
06/18/2018,13.72,14.07,11.64,11.69
06/19/2018,15.02,15.05,12.85,12.97
06/20/2018,11.82,12.48,11.59,12.16
06/21/2018,12.71,15.48,12.67,14.56
06/22/2018,12.36,13.05,11.96,12.16
06/25/2018,14.49,20.72,14.34,17.68
06/26/2018,16.61,17.17,14,15.16
06/27/2018,14.63,18.5,13.3,17.91
06/28/2018,18.29,19.02,15.29,15.83
06/29/2018,14.74,15.17,12.98,14.93
07/02/2018,17.99,18.25,14.36,14.42
07/03/2018,14.16,15.48,13.53,15.17
07/05/2018,14.27,15.63,14.08,14.14
07/06/2018,14,14.16,11.42,11.49
07/09/2018,11.98,12.02,10.79,10.79
07/10/2018,10.56,11.5,10.36,10.66
07/11/2018,12.54,12.6,11.42,11.8
07/12/2018,11.31,11.72,10.33,10.6
07/13/2018,10.8,11.01,9.94,10.07
07/16/2018,11.48,11.8,11.18,11.5
07/17/2018,12.18,12.18,10.32,10.56
07/18/2018,10.8,10.89,9.76,10.03
07/19/2018,10.88,11.38,10.44,11.15
07/20/2018,11.84,11.96,10.78,11.01
07/23/2018,12.2,12.62,11.3,11.34
07/24/2018,10.79,12.25,10.58,11.15
07/25/2018,11.5,11.52,10.36,11.27
07/26/2018,11.29,11.56,11.01,11.07
07/27/2018,11.33,13.92,11.14,11.59
07/30/2018,12.63,14.1,12.47,13.57
07/31/2018,12.67,12.96,11.63,11.64
08/01/2018,11.67,13.26,11.11,12.29
08/02/2018,13.94,13.94,10.38,10.51
08/03/2018,10.76,10.76,9.52,9.58
08/06/2018,10.81,10.93,9.5,9.74
08/07/2018,9.53,9.74,9.11,9.13
08/08/2018,9.35,9.67,8.56,8.86
08/09/2018,9.19,9.52,8.63,9.46
08/10/2018,11.85,13.97,11.42,13.09
08/13/2018,14.05,15.97,12.8,15.34
08/14/2018,13.7,14.16,12.27,12.62
08/15/2018,14.84,18.17,14.39,15.01
08/16/2018,12.97,13.37,11.85,12.92
08/17/2018,13.21,13.79,11.5,11.57
08/20/2018,12.11,12.32,11.33,11.42
08/21/2018,11.14,11.58,10.75,11.55
08/22/2018,12.03,12.11,10.33,10.77
08/23/2018,10.96,11.64,10.05,10.8
08/24/2018,10.32,10.58,9.87,10.17
08/27/2018,11.27,11.28,10.15,10.23
08/28/2018,10.21,10.51,9.87,10.2
08/29/2018,9.93,10.11,9.73,9.77
08/30/2018,10.32,11.91,10.13,11.49
08/31/2018,11.61,12.51,10.68,11.01
09/04/2018,13.13,14,11.95,11.97
09/05/2018,12.29,13.52,11.85,12.65
09/06/2018,12.64,15.23,12.28,13.46
09/07/2018,14.59,14.9,12.45,13.49
09/10/2018,13.69,13.83,12.26,12.57
09/11/2018,13.49,13.76,11,11
09/12/2018,11.05,11.73,10.46,10.67
09/13/2018,10.53,10.6,9.98,10.03
09/14/2018,10.21,10.66,8.81,9.93
09/17/2018,11.26,13.69,11.06,13.5
09/18/2018,12.38,12.47,11.56,11.74
09/19/2018,11.44,11.94,10.97,11.45
09/20/2018,10.78,11.24,10.63,11.04
09/21/2018,11.27,11.27,10.05,10.63
09/24/2018,11.99,12.9,11.6,11.63
09/25/2018,11.46,12.18,11.33,11.76
09/26/2018,11.56,12.97,10.72,12.7
09/27/2018,11.83,12.47,11.07,12.09
09/28/2018,12.73,12.84,11.07,11.17
10/01/2018,11.38,11.73,10.67,11.19
10/02/2018,11.49,11.68,10.5,11.13
10/03/2018,10.6,11.67,10.13,10.81
10/04/2018,11.85,18.88,11.81,15.42
10/05/2018,14.43,19.61,13.16,14.86
10/08/2018,17.17,18.9,14.92,14.92
10/09/2018,15.97,16.96,13.66,14.4
10/10/2018,15.64,26.1,15.63,25.98
10/11/2018,23.85,35.6,23.07,29.58
10/12/2018,25.02,32.89,21.84,22.84
10/15/2018,24.76,25.89,20.86,23.91
10/16/2018,20.72,20.98,17.78,17.85
10/17/2018,17.95,20.71,17.56,17.75
10/18/2018,19.4,24.55,18.29,22.31
10/19/2018,21.24,23.44,18.97,21.13
10/22/2018,20.72,23.62,19.57,20.67
10/23/2018,29.71,29.71,22.49,23.43
10/24/2018,23.97,34.34,23.21,31.91
10/25/2018,29.8,31.03,26.36,29.62
10/26/2018,32.21,35.41,28.81,29.89
10/29/2018,29.04,36.37,27.17,31.03
10/30/2018,32.42,32.54,28.6,28.87
10/31/2018,26.96,27.35,23.62,25.16
11/01/2018,23.68,24.33,20.83,21.54
11/02/2018,20.97,25.2,20.1,21.17
11/05/2018,22.32,23.89,21.42,21.63
11/06/2018,22.06,22.93,21.15,21.62
11/07/2018,17.39,18.01,15.49,15.54
11/08/2018,15.53,16.62,15.31,15.56
11/09/2018,16.28,17.62,15.17,15.63
11/12/2018,16.94,21.39,16.88,20.69
11/13/2018,20.19,21.61,18.23,19.38
11/14/2018,18.63,23.39,18.29,21.39
11/15/2018,22.32,24.06,19.38,19.5
11/16/2018,20.93,21.2,16.29,16.35
11/19/2018,19.17,21.79,18.5,20.43
11/20/2018,24.77,26.66,22.8,23.63
11/21/2018,22.53,22.98,19.19,19.86
11/23/2018,22.96,22.97,20.7,21.42
11/26/2018,21.69,21.71,19.55,20.04
11/27/2018,21.49,21.72,20.53,21.08
11/28/2018,21.27,22.85,21.11,21.92
11/29/2018,22.59,24.91,21.86,22.38
11/30/2018,23.15,23.15,21.94,22.11
12/03/2018,18.09,19.48,17.01,17.21
12/04/2018,17.74,26.99,17.07,25.13
12/06/2018,31.36,33.48,24.97,25.06
12/07/2018,24.77,30.52,22.6,27.47
12/10/2018,28.13,31.83,25.15,25.24
12/11/2018,23.95,26.31,22.72,23.79
12/12/2018,22.07,23.06,21.48,22.64
12/13/2018,21.53,21.81,19.98,20.33
12/14/2018,21.38,23.46,20.53,22.08
12/17/2018,23.85,29.18,23.11,28
12/18/2018,26.45,29.61,25.74,28.51
12/19/2018,28.79,28.9,23.61,26.16
12/20/2018,26.96,33.86,25.92,31.19
12/21/2018,30.64,35.43,27,33.03
12/24/2018,37.35,42.5,35.98,42.4
12/26/2018,41.09,42.9,33.33,33.92
12/27/2018,37.87,39.64,34.38,34.38
12/28/2018,33.7,35.47,30.84,31.64
12/31/2018,31.72,31.74,28.57,28.57
01/02/2019,31.46,31.46,22.82,22.82
01/03/2019,25.82,28.95,24.47,26.59
01/04/2019,24.04,24.38,20.84,20.85
01/07/2019,23.42,23.42,21.11,21.47
01/08/2019,20.88,22.92,19.85,20.13
01/09/2019,20.26,21.04,18.7,18.88
01/10/2019,20.46,21.04,17.66,17.74
01/11/2019,18.64,18.76,15.96,15.96
01/14/2019,19.43,19.46,16.9,17.04
01/15/2019,17.62,17.68,16.16,16.5
01/16/2019,16.6,16.95,15.98,16.34
01/17/2019,17.32,17.32,15.31,15.67
01/18/2019,15.7,16.21,14.98,15.04
01/22/2019,18.96,21.96,18.89,21.24
01/23/2019,20.75,22.89,19.4,19.4
01/24/2019,20.4,20.63,17.6,17.64
01/25/2019,17.53,17.8,16.24,16.39
01/28/2019,20.26,22.07,19.41,19.49
01/29/2019,19.45,21.12,19.38,19.95
01/30/2019,19.52,19.97,17.32,17.37
01/31/2019,17.23,17.27,15.42,15.61
02/01/2019,15.18,15.35,14.09,14.09
02/04/2019,15.94,15.97,13.59,13.67
02/05/2019,13.86,14.4,13.19,13.46
02/06/2019,13.51,14.03,12.69,12.73
02/07/2019,14.19,17.45,13.78,14.89
02/08/2019,16.1,17.17,13.44,13.61
02/11/2019,14.72,15.47,14.56,14.67
02/12/2019,13.95,14.1,13.38,13.47
02/13/2019,13.73,14.14,12.82,13.49
02/14/2019,15.11,15.77,13.66,14.11
02/15/2019,13.45,13.61,12.02,12.18
02/19/2019,15.2,15.21,13.19,13.38
02/20/2019,13.66,13.89,12.48,12.6
02/21/2019,13.53,14.46,12.68,13.18
02/22/2019,13.13,13.18,11.47,11.49
02/25/2019,12.85,14.09,12.57,14.06
02/26/2019,14.48,14.61,13.29,14.2
02/27/2019,14.57,15.66,13.14,13.14
02/28/2019,13.17,13.74,12.46,13.18
03/01/2019,12.39,13.19,11.08,11.33
03/04/2019,12.42,17.65,11.9,13.4
03/05/2019,13.54,14.7,12.74,13.36
03/06/2019,13.6,15.65,13.49,14.99
03/07/2019,16.09,18.47,15.17,16.15
03/08/2019,18.57,18.79,14.56,14.63
03/11/2019,16.07,16.07,13.36,13.4
03/12/2019,13.57,13.61,12.69,12.73
03/13/2019,12.41,13.3,12.17,12.53
03/14/2019,12.96,13.2,12.05,12.52
03/15/2019,12.39,12.43,11.18,11.22
03/18/2019,12.74,13.61,12.48,12.53
03/19/2019,12.24,13.93,12.22,13.53
03/20/2019,14.22,14.73,12.36,13.49
03/21/2019,13.98,13.99,12.62,13.11
03/22/2019,13.94,18.47,13.6,16.85
03/25/2019,18.89,19.57,16.38,16.41
03/26/2019,15.46,15.63,13.89,13.95
03/27/2019,14.41,17.13,14.18,14.7
03/28/2019,14.62,15.57,13.64,13.7
03/29/2019,13.16,13.64,12.06,12.34
04/01/2019,13.21,13.34,11.95,12.11
04/02/2019,12.26,12.47,11.51,11.86
04/03/2019,11.75,13.12,11.63,12.29
04/04/2019,12.44,12.45,11.31,11.58
04/05/2019,11.26,11.26,9.92,10.12
04/08/2019,11.63,11.92,10.65,10.74
04/09/2019,11.71,12.21,11.03,11.78
04/10/2019,11.45,11.62,8.77,10.14
04/11/2019,10.81,11.05,10.29,10.52
04/12/2019,10.44,10.61,9.65,9.74
04/15/2019,10.99,11.77,10.53,10.61
04/16/2019,10.39,11.09,10.23,10.76
04/17/2019,10.28,11.83,10.25,11
04/18/2019,10.66,11.13,9.86,9.93
04/22/2019,13.16,13.17,11.57,11.63
04/23/2019,11.71,12.16,11.48,11.64
04/24/2019,11.91,12.73,11.65,12.54
04/25/2019,13.18,14.12,11.82,12.36
04/26/2019,12.48,12.77,11.32,11.81
04/29/2019,13,13,12.29,12.52
04/30/2019,13.02,13.82,12.34,12.44
05/01/2019,12.51,15.09,12.06,14.95
05/02/2019,14.75,16.61,13.47,13.92
05/03/2019,12.5,12.5,10.96,10.96
05/06/2019,20.36,20.36,14.92,15.45
05/07/2019,18.54,24.88,18.36,20.74
05/08/2019,21.96,23.21,19.35,21.33
05/09/2019,26.44,27.26,20.88,21.86
05/10/2019,20.69,23.08,15.84,16.57
05/13/2019,22.85,24.36,21.48,22.76
05/14/2019,22.76,22.76,18.42,18.76
05/15/2019,20.35,20.4,16.12,16.31
05/16/2019,16.14,16.14,14.71,15.06
05/17/2019,17.11,17.11,14.48,16.26
05/20/2019,18.77,19.41,16.61,16.82
05/21/2019,15.81,15.81,13.98,14.5
05/22/2019,14.5,14.94,13.48,13.92
05/23/2019,16.44,18.99,16.42,17.4
05/24/2019,15.78,16.49,15.23,15.36
05/28/2019,16.84,18.53,15.92,17.98
05/29/2019,19.04,19.91,18.04,18.34
05/30/2019,17.18,18.37,16.35,17.12
05/31/2019,19.72,19.93,18.04,19
06/03/2019,19.3,20.46,18.59,19.26
06/04/2019,18.52,18.89,16.65,16.65
06/05/2019,16.45,17.52,14.79,14.9
06/06/2019,15.24,15.4,14.22,14.88
06/07/2019,14.44,15.41,14.31,15.02
06/10/2019,15.5,16.05,15.25,15.25
06/11/2019,14.85,16.19,14.85,15.15
06/12/2019,15.29,15.49,14.64,14.66
06/13/2019,14.85,15.01,14.37,14.59
06/14/2019,15.16,15.52,13.5,13.56
06/17/2019,15.36,15.5,14.6,14.99
06/18/2019,15.07,15.64,14.15,15.29
06/19/2019,15.32,17.01,13.7,13.87
06/20/2019,13.54,16.55,13.12,14.77
06/21/2019,14.68,14.83,13.94,14.83
06/24/2019,16.22,16.39,15.8,15.8
06/25/2019,15.8,17.74,15.78,17.01
06/26/2019,17.03,17.33,16.28,16.8
06/27/2019,16.85,17.1,16.24,16.34
06/28/2019,16.64,17.06,15.67,15.67
07/01/2019,13.2,13.41,12.32,12.51
07/02/2019,12.31,12.49,10.38,10.42
07/03/2019,10.53,10.53,9.87,9.91
07/05/2019,11.4,12.38,10.34,10.57
07/08/2019,12.31,12.53,11.02,11.12
07/09/2019,12.05,12.05,10.87,11.08
07/10/2019,10.65,10.65,9.88,9.94
07/11/2019,10.09,10.57,9.74,10.08
07/12/2019,9.9,9.93,9.48,9.88
07/15/2019,10.95,11.25,10.79,11.01
07/16/2019,10.98,12.1,10.34,11.71
07/17/2019,11.59,13.42,11.46,13.42
07/18/2019,13.4,14.29,12.1,12.68
07/19/2019,12.68,13.56,12.22,13.56
07/22/2019,15.05,15.24,13.46,13.64
07/23/2019,13.59,13.85,12.3,12.82
07/24/2019,13.39,13.39,12.13,12.19
07/25/2019,12.78,13.92,12.45,12.53
07/26/2019,12.23,12.29,11.5,11.54
07/29/2019,12.69,13.4,12.56,12.67
07/30/2019,14.33,14.61,13.61,14.46
07/31/2019,14.44,18.41,12.36,18.41
08/01/2019,15.57,22.44,13.1,19.32
08/02/2019,19.5,22.31,17.69,17.69
08/05/2019,24.12,30.16,23.73,29.14
08/06/2019,24.32,25.46,21.24,21.84
08/07/2019,25.56,27.65,19.98,20.95
08/08/2019,19.66,19.76,16.46,16.77
08/09/2019,16.76,20.2,16.76,17.75
08/12/2019,21.47,23.13,19.87,22.45
08/13/2019,22.08,22.29,17.49,17.49
08/14/2019,17.62,25.27,17.62,24.42
08/15/2019,24.19,25.86,22.04,22.45
08/16/2019,22.5,22.5,18.14,18.36
08/19/2019,17.48,17.76,16.49,17.2
08/20/2019,17.64,18.94,16.77,18.43
08/21/2019,16.25,16.86,15.86,16.09
08/22/2019,15.81,18.41,15.63,16.71
08/23/2019,19.01,24.16,16.11,21.55
08/26/2019,22.28,23.51,19.47,19.82
08/27/2019,19.12,21.99,18.4,20.81
08/28/2019,22,22.67,18.9,19.16
08/29/2019,17.44,18.57,16.76,16.85
08/30/2019,16.81,18.86,16.21,18.6
09/03/2019,20.76,21.59,18.94,19.07
09/04/2019,16.87,17.65,15.46,15.6
09/05/2019,14.91,14.93,13.01,14.59
09/06/2019,14.16,14.29,12.34,12.39
09/09/2019,13.73,14.98,13.52,13.66
09/10/2019,14.59,15.65,13.34,13.76
09/11/2019,14.1,14.13,13.09,13.13
09/12/2019,13.24,13.79,11.2,13.1
09/13/2019,13.06,13.43,12.26,12.62
09/16/2019,15.04,15.18,14.14,14.6
09/17/2019,14.95,15.25,14.43,14.54
09/18/2019,15.15,17.31,13.71,14.13
09/19/2019,14.1,14.1,12.18,13.18
09/20/2019,12.2,15.67,11.78,14.68
09/23/2019,12.43,15.43,8.88,9.83
09/24/2019,13.49,18.69,13.12,17.73
09/25/2019,17.77,19.66,14.93,15.3
09/26/2019,15.51,17.4,14.57,15.2
09/27/2019,15.14,19.41,13.44,16.77
09/30/2019,16.97,17.03,15.2,15.28
10/01/2019,15.26,19.29,14.65,18.94
10/02/2019,20.31,23.43,20.24,21.71
10/03/2019,21.01,23.04,19.23,19.48
10/04/2019,18.7,18.7,16.02,16.27
10/07/2019,18.43,18.65,16.32,17.7
10/08/2019,19.89,20.74,18.32,20.29
10/09/2019,19.39,19.93,16.86,18.26
10/10/2019,19.9,19.94,17.6,17.78
10/11/2019,16.93,17.75,14.59,15.28
10/14/2019,16.09,16.09,13.88,14.01
10/15/2019,13.44,13.44,12.25,12.3
10/16/2019,13.05,13.44,11.8,11.92
10/17/2019,12.12,12.73,11.62,11.9
10/18/2019,12.89,13.86,12.26,12.35
10/21/2019,13.46,13.72,12.61,12.61
10/22/2019,12.53,13.52,12.05,13.3
10/23/2019,13.46,13.66,12.27,12.27
10/24/2019,12.17,12.92,11.4,11.89
10/25/2019,12.07,12.07,10.33,10.33
10/28/2019,11.54,11.76,11.29,11.7
10/29/2019,12.19,12.3,11.6,11.75
10/30/2019,12.21,13.03,10.6,10.67
10/31/2019,11.67,12.97,11.41,11.58
11/01/2019,10.81,11.56,9.79,9.84
11/04/2019,11.17,11.71,10.76,11.08
11/05/2019,11.58,11.58,10.64,10.99
11/06/2019,11.14,11.86,9.47,9.47
11/07/2019,10.04,10.3,9.68,10.16
11/08/2019,10.15,10.76,9.3,9.32
11/11/2019,9.3,11.8,9.3,10.69
11/12/2019,10.87,11.34,10.44,10.8
11/13/2019,11.93,11.97,10.92,10.97
11/14/2019,11.46,12.03,10.91,11.23
11/15/2019,10.86,11.07,9.57,9.67
11/18/2019,9.67,11.62,9.67,10.18
11/19/2019,10.12,10.7,9.69,10.25
11/20/2019,10.66,12.91,9.84,10.2
11/21/2019,10.75,11.76,10.32,10.56
11/22/2019,10.53,10.88,9.22,9.22
11/25/2019,10.36,10.38,9.64,9.76
11/26/2019,9.92,10.04,9.45,9.5
11/27/2019,9.69,9.93,9.06,9.9
11/29/2019,11.36,11.68,10.97,11.36
12/02/2019,13.29,16.2,13.29,15.3
12/03/2019,19.35,20.59,16.47,16.86
12/04/2019,15.88,16.01,14.03,14.92
12/05/2019,14.54,15.63,13.69,13.94
12/06/2019,12.47,12.85,12.2,12.81
12/09/2019,14.7,17.41,14.27,17.06
12/10/2019,16.58,17.89,15.97,16.24
12/11/2019,16.73,17.03,14.36,15.27
12/12/2019,16.25,16.7,13.81,14.67
12/13/2019,14.94,15.35,11.84,12.41
12/16/2019,11.01,12.08,10.58,11.63
12/17/2019,11.35,11.6,10.87,11.16
12/18/2019,10.71,10.88,9.9,10.3
12/19/2019,10.26,10.29,9.33,9.39
12/20/2019,8.82,9.36,8.55,9.27
12/23/2019,10.37,10.48,9.59,9.83
12/24/2019,9.84,10.08,9.49,9.56
12/26/2019,10.11,10.16,9.71,9.94
12/27/2019,10.32,11.58,10.3,11
12/30/2019,10.99,14.46,10.99,13.77
12/31/2019,14.47,14.69,13.16,13.26
01/02/2020,12.44,12.75,10.43,10.6
01/03/2020,14.88,14.88,11.91,12.78
01/06/2020,15.89,15.89,12.11,12.42
01/07/2020,13.2,13.56,11.73,12.34
01/08/2020,13.43,13.45,10.81,12.22
01/09/2020,11.65,11.77,10.83,10.86
01/10/2020,10.51,11.08,9.8,10.57
01/13/2020,11.39,11.67,10.05,10.05
01/14/2020,10.29,11.11,9.49,10.18
01/15/2020,10.35,10.43,9.68,9.69
01/16/2020,9.49,9.83,9.24,9.71
01/17/2020,9.73,9.84,8.98,9.04
01/21/2020,11.82,12.17,11.01,11.38
01/22/2020,11.25,11.28,10.41,11.03
01/23/2020,11,13.01,11,11.4
01/24/2020,11.39,17.8,11.27,14.65
01/27/2020,14.58,22.15,14.58,21.3
01/28/2020,19.12,19.88,17.35,18.34
01/29/2020,16.88,19.2,16.24,18.12
01/30/2020,20.19,21.23,16.11,16.41
01/31/2020,18.23,23.33,18.07,21.66
02/03/2020,20.09,20.31,18.29,19.23
02/04/2020,16.29,16.61,15.68,15.81
02/05/2020,14.74,15.75,13.52,13.69
02/06/2020,13.95,14.57,12.8,12.98
02/07/2020,14.38,15.21,12.9,13.73
02/10/2020,15.54,15.54,12.85,12.89
02/11/2020,12.3,13.23,11.94,13.04
02/12/2020,11.97,11.97,10.76,10.84
02/13/2020,12.9,13.06,11.55,11.83
02/14/2020,11.85,12.31,10.95,10.98
02/18/2020,13.94,14.7,12.91,13.02
02/19/2020,12.27,12.48,11.81,11.88
02/20/2020,12.91,16.81,12.31,13.86
02/21/2020,15.93,18.16,15.48,15.77
02/24/2020,27.46,33.45,24.77,31.9
02/25/2020,26.81,39.45,26.81,36.35
02/26/2020,33.12,36.85,29.9,34.84
02/27/2020,40.94,54.9,37.5,54.74
02/28/2020,60.19,70.48,52.12,52.9
03/02/2020,49.32,53.55,36.41,42.17
03/03/2020,42.37,53.72,31.43,47.34
03/04/2020,38.69,42.81,34.57,37.06
03/05/2020,45,55.09,40.85,48.63
03/06/2020,59.81,68.91,46.1,48.55
03/09/2020,48.62,76.77,48.62,70.3
03/10/2020,60.23,69.68,55.31,57.39
03/11/2020,64.49,70.94,60.23,68.21
03/12/2020,68,103.58,68,103.56
03/13/2020,80.57,102.31,65.05,69.87
03/16/2020,69.87,109.46,69.87,106.66
03/17/2020,103.09,110.92,85.08,92.93
03/18/2020,92.46,111.68,86.8,97.22
03/19/2020,98.77,107.42,87.38,91.02
03/20/2020,85.52,87.38,72.09,83.47
03/23/2020,90.13,92.38,77.83,78.76
03/24/2020,68.82,78.89,68.11,78.04
03/25/2020,81.99,84.66,76.58,81.3
03/26/2020,74.4,76.68,67.61,73.61
03/27/2020,82.63,82.63,69.07,72.33
03/30/2020,72.14,73.94,62.16,62.8
03/31/2020,61.02,65.73,56.24,60.16
04/01/2020,68.87,68.87,57.08,61.33
04/02/2020,58.78,61.1,52.29,52.81
04/03/2020,51.16,52.05,46.37,46.66
04/06/2020,45.56,47.86,44.26,47.02
04/07/2020,45.6,50.16,44.85,48.34
04/08/2020,44.87,47.12,41.88,42.46
04/09/2020,42.96,43.81,40.09,40.42
04/13/2020,46.43,48.82,41.65,41.74
04/14/2020,39.63,40.32,38.74,38.81
04/15/2020,44.25,44.98,41.13,41.64
04/16/2020,41.62,44.19,40.04,40.49
04/17/2020,40.22,40.96,20.07,36.18
04/20/2020,43.25,44.04,39.95,44
04/21/2020,46.37,48.38,44.68,45.46
04/22/2020,42.8,43.21,32.18,40.21
04/23/2020,38.65,40.47,36.14,39.35
04/24/2020,37.27,38.18,31.15,31.72
04/27/2020,33.89,33.91,30.94,31.41
04/28/2020,29.77,35.59,29.77,32.44
04/29/2020,30.39,31.32,29.57,29.66
04/30/2020,32.45,35.23,31.54,32.88
05/01/2020,37.64,39.36,34.89,35.57
05/04/2020,40.13,40.73,34.92,35.45
05/05/2020,33.5,33.51,30.53,33.19
05/06/2020,30.98,34.06,30.59,33.98
05/07/2020,30.08,30.94,28.77,29.75
05/08/2020,27.36,27.96,24.71,24.89
05/11/2020,30.04,30.12,25.72,26.17
05/12/2020,24.55,33.36,24.42,33.36
05/13/2020,32.32,39.33,31.15,34.63
05/14/2020,37.74,39.52,31.05,31.66
05/15/2020,33.41,34.48,28.7,29.71
05/18/2020,27.52,27.72,26.61,27.62
05/19/2020,27.81,28.4,25.6,28.03
05/20/2020,25.14,26.27,24.75,24.93
05/21/2020,24.84,28.24,24.22,26.15
05/22/2020,26.08,26.91,23.18,23.47
05/26/2020,25.16,26.35,24.83,25.5
05/27/2020,24.93,29.13,24.59,25.17
05/28/2020,26.19,28.03,24.74,26.02
05/29/2020,28.71,28.88,24.39,24.59
06/01/2020,30.41,30.42,27.02,27.08
06/02/2020,27.27,27.57,24.81,25.06
06/03/2020,25.1,25.38,23.22,23.97
06/04/2020,24.27,24.48,21.83,23.56
06/05/2020,21.97,23.4,21.54,22.63
06/08/2020,24.95,25.44,24.27,25.18
06/09/2020,25.87,27.09,25.33,26.92
06/10/2020,26.93,29.37,19.54,27.1
06/11/2020,32.39,47.21,29.39,42.06
06/12/2020,37.47,47.47,34.48,36.52
06/15/2020,44.5,45.38,35.93,35.98
06/16/2020,34.75,40.43,33.07,35.38
06/17/2020,35.47,37.15,32.63,33.98
06/18/2020,36.04,36.04,31.11,32.05
06/19/2020,29.68,34.78,28.93,33.92
06/22/2020,34.84,35.68,31.1,31.23
06/23/2020,30.03,30.87,28.88,30.29
06/24/2020,31.77,38.27,30.79,33.25
06/25/2020,33.29,36.76,30.36,30.92
06/26/2020,30.94,36.31,30.93,33.31
06/29/2020,34.86,36.93,30.42,30.42
06/30/2020,31.16,31.28,27.16,29.14
07/01/2020,28.07,28.39,24.92,25.2
07/02/2020,23.38,25.22,22,22.64
07/06/2020,25.8,26.45,24.88,25.23
07/07/2020,25.92,27.2,24.54,26.84
07/08/2020,25.89,27.59,23.59,23.67
07/09/2020,23.35,29.49,23.34,25.55
07/10/2020,26.11,27.56,22.39,22.59
07/13/2020,24.85,31,24.79,30.31
07/14/2020,31.44,33.4,27.49,27.78
07/15/2020,26.67,29.48,25.22,25.22
07/16/2020,26.64,27.36,24.55,25.85
07/17/2020,24.11,25.12,21.9,22.16
07/20/2020,24.66,24.98,22.49,22.52
07/21/2020,22.46,24.13,22.16,23.33
07/22/2020,23.93,24.33,21.53,21.65
07/23/2020,22.28,26.07,21.66,24.1
07/24/2020,26.93,28.04,22.26,22.7
07/27/2020,25.25,25.45,22.3,22.38
07/28/2020,23.15,24.1,22,23.54
07/29/2020,23,23.03,21.67,21.93
07/30/2020,25.26,27.78,22.65,22.79
07/31/2020,22.83,25.21,19.73,20.61
08/03/2020,22.48,22.65,20.88,20.95
08/04/2020,21.28,21.77,20.39,20.44
08/05/2020,20.03,20.08,18.65,19.02
08/06/2020,19.96,20.36,18.92,19.4
08/07/2020,20.79,20.79,17.96,18.08
08/10/2020,20.09,21.62,18.78,18.88
08/11/2020,18.45,23.58,18.26,21.89
08/12/2020,19.22,19.71,18.26,18.9
08/13/2020,19.4,19.89,17.91,18.54
08/14/2020,19.49,19.73,17.46,17.87
08/17/2020,19.54,19.56,17.56,17.6
08/18/2020,17.88,19.49,17.57,17.82
08/19/2020,17.97,19.64,17.28,19.23
08/20/2020,21.91,21.91,18.35,18.85
08/21/2020,19.72,20.21,17.58,18.01
08/24/2020,19.68,20.35,18.63,18.81
08/25/2020,19.49,20.25,18.01,18.09
08/26/2020,18.16,19.97,17.66,19.96
08/27/2020,19.28,24.6,19.15,20.19
08/28/2020,20.86,22.36,16.65,17.13
08/31/2020,20.64,21.66,19.6,21.1
09/01/2020,20.97,21.57,19.24,19.65
09/02/2020,19.94,21.1,19.18,20.71
09/03/2020,21.52,34.79,20.88,30.45
09/04/2020,30.21,40.2,28.14,29.41
09/08/2020,38.28,38.28,31.91,32.91
09/09/2020,30.43,30.82,27.41,29.09
09/10/2020,27.49,31.56,26.81,30.43
09/11/2020,28.53,30.88,25.4,26.33
09/14/2020,26.62,26.88,24.5,25.06
09/15/2020,24.36,24.82,23.6,24.22
09/16/2020,24.36,24.95,22.5,23.77
09/17/2020,28.37,28.37,24.79,24.95
09/18/2020,24.57,28.05,23.92,24.02
09/21/2020,31.09,32.9,27.56,28.11
09/22/2020,27.77,28.57,25.43,25.95
09/23/2020,25.44,29.8,25.12,27.97
09/24/2020,28.06,30.88,27.14,27.65
09/25/2020,27.6,29.14,24.19,24.57
09/28/2020,26.37,26.61,25.11,25.21
09/29/2020,26.26,27.53,25.45,25.99
09/30/2020,25.64,26.41,24.48,25.77
10/01/2020,25.14,26.42,24.66,24.8
10/02/2020,27.44,27.44,23.58,24.64
10/05/2020,25.36,25.39,23.44,23.51
10/06/2020,23.07,26.03,21.78,25.08
10/07/2020,23.36,23.55,21.74,21.74
10/08/2020,21.62,21.96,19.88,19.94
10/09/2020,19.55,19.57,18.2,18.85
10/12/2020,20.04,21.17,19.48,20.3
10/13/2020,20.33,22.61,20.33,21.39
10/14/2020,21.52,22.69,20.7,21.3
10/15/2020,24.41,24.41,20.88,21.38
10/16/2020,21.51,21.64,20.24,21.64
10/19/2020,23.41,25.92,23.22,24.65
10/20/2020,24.51,25.23,23.76,24.57
10/21/2020,24.9,25.03,23.1,23.2
10/22/2020,24.95,25.58,23.84,24.06
10/23/2020,24.85,25.84,23.84,24.29
10/26/2020,30.91,37.46,30.47,35.91
10/27/2020,36.59,38.08,36.1,37.29
10/28/2020,44.13,50.16,41,47.9
10/29/2020,47.74,49.77,42.25,44.34
10/30/2020,44.09,48.54,42.86,44.33
11/02/2020,45.46,46.51,43.37,43.86
11/03/2020,42.42,43.49,40.67,43.2
11/04/2020,43.2,43.2,30.29,32.46
11/05/2020,32.5,32.5,27.16,28.09
11/06/2020,27.7,28.61,23.4,23.96
11/09/2020,23.96,26.78,22.75,26.71
11/10/2020,26.75,28.08,24.01,24.43
11/11/2020,24.43,24.43,21.49,21.59
11/12/2020,22.26,26.94,21.6,23.88
11/13/2020,22,22.19,20.38,21.01
11/16/2020,21.01,22.08,19.24,19.33
11/17/2020,19.31,21.28,18.47,18.81
11/18/2020,18.79,19.68,16.94,19.59
11/19/2020,19.65,20.85,18.63,19.26
11/20/2020,19.32,20.1,18.37,19.86
11/23/2020,19.9,22.31,19.56,19.58
11/24/2020,19.58,19.69,18.31,18.4
11/25/2020,18.4,19.42,17.06,17.14
11/27/2020,17.15,19.24,17.15,18.25
11/30/2020,18.33,23.42,18.33,19.87
12/01/2020,19.83,20.3,19.32,19.87
12/02/2020,19.87,20.3,18.82,19.29
12/03/2020,19.32,20.32,18.42,19.35
12/04/2020,19.37,19.37,17.78,17.96
12/07/2020,17.97,20.57,15.54,18.74
12/08/2020,18.7,19.65,17.97,18.17
12/09/2020,18.03,22.13,17.7,19.99
12/10/2020,21.32,22.09,18.95,19.67
12/11/2020,19.67,23.74,19.67,20.45
12/14/2020,20.4,23.71,18.8,23.67
12/15/2020,23.67,23.67,19.82,20.19
12/16/2020,20.19,21.89,18.8,18.8
12/17/2020,18.83,18.83,17.94,18.62
12/18/2020,18.59,22.16,16.42,16.7
12/21/2020,16.73,28.91,16.73,21.56
12/22/2020,21.65,22.11,19.69,19.91
12/23/2020,19.91,19.91,17.63,19.2
12/24/2020,19.18,19.18,16.85,17.12
12/28/2020,17.16,20.42,17.16,20.05
12/29/2020,20.04,22.68,19.76,21.47
12/30/2020,21.5,21.82,20.56,21.31
12/31/2020,21.29,22.49,20.57,21.2
01/04/2021,22.75,30.99,22.71,27.39
01/05/2021,27.26,28.11,23.87,24.29
01/06/2021,24.26,26.69,19.05,23.77
01/07/2021,23.73,23.73,18.32,19.42
01/08/2021,19.21,21.26,17.77,18.34
01/11/2021,18.37,23.59,18.37,21.69
01/12/2021,21.7,23.81,20.14,20.65
01/13/2021,20.63,21.16,18.63,18.91
01/14/2021,18.78,21.37,18.67,21.17
01/15/2021,21.04,25.49,20.39,21.69
01/19/2021,21.84,22.72,20.85,21.88
01/20/2021,20.44,20.59,18.69,18.85
01/21/2021,18.84,19.99,17.8,18.23
01/22/2021,18.23,20.42,17.48,18.42
01/25/2021,20.69,27.19,19.89,20.66
01/26/2021,20.68,21.52,20.13,20.46
01/27/2021,20.46,41.76,20.46,41.64
01/28/2021,42.05,42.05,25.57,30
01/29/2021,29.93,40.96,28.39,32.63
02/01/2021,30.38,34.37,27,28.99
02/02/2021,28.94,28.94,22.42,22.44
02/03/2021,22.31,22.52,18.97,18.97
02/04/2021,19.03,19.03,17.24,17.48
02/05/2021,17.46,17.74,15.47,15.52
02/08/2021,15.48,17.72,15.48,16.57
02/09/2021,16.57,17.84,16.26,17.09
02/10/2021,17.09,21.1,16.61,17.68
02/11/2021,17.68,19.98,16.81,17.09
02/12/2021,17.18,17.42,14.97,15.05
02/16/2021,15.03,20.63,15.03,19.32
02/17/2021,19.33,22.01,18.15,18.41
02/18/2021,18.42,22.38,18.42,19.46
02/19/2021,19.41,20,17.37,18.33
02/22/2021,18.3,23,18.3,21.22
02/23/2021,21.21,27.13,20.29,21.3
02/24/2021,23.23,24.32,18.32,18.35
02/25/2021,18.35,34.59,18.35,31.81
02/26/2021,31.6,34.67,25,29.42
03/01/2021,29.36,29.36,22.39,22.7
03/02/2021,22.63,24.02,21.28,23.17
03/03/2021,23.17,27.28,23.12,26.88
03/04/2021,26.88,35.02,24.46,29.3
03/05/2021,29.3,31.53,22.97,23.83
03/08/2021,23.76,27.73,23.76,25.7
03/09/2021,25.7,25.7,22.13,24.11
03/10/2021,24.12,24.12,20.88,20.98
03/11/2021,20.98,20.98,19.76,20.01
03/12/2021,20.93,21.02,17.35,17.41
03/15/2021,17.41,19.68,17.26,17.74
03/16/2021,17.7,18.44,17.16,17.93
03/17/2021,17.93,20.06,16.58,16.69
03/18/2021,16.69,22.3,16.69,20.33
03/19/2021,20.31,22.75,17.22,18.28
03/22/2021,18.97,19.08,16.33,16.4
03/23/2021,16.4,20.33,16.28,18.37
03/24/2021,18.41,19.46,16.74,19.07
03/25/2021,20.64,23.12,17.16,17.16
03/26/2021,17.19,20.33,15.98,16.32
03/29/2021,16.26,20.88,16.26,18.85
03/30/2021,18.85,20.48,17.04,17.28
03/31/2021,17.27,17.27,15.09,15.62
04/01/2021,15.57,15.57,12.8,12.97
04/05/2021,12.95,16.69,12.95,15.65
04/06/2021,15.69,16.24,15.59,15.71
04/07/2021,15.71,15.71,14.09,14.13
04/08/2021,14.13,14.68,13.9,13.94
04/09/2021,13.96,14.49,13.17,13.19
04/12/2021,13.19,15.83,13.19,14.24
04/13/2021,14.24,14.86,13.72,13.78
04/14/2021,13.78,15.63,13.72,14.1
04/15/2021,14.11,14.64,13.9,14.22
04/16/2021,14.2,14.84,12.45,12.97
04/19/2021,12.94,17.54,12.94,15.42
04/20/2021,15.42,19.02,15.42,17.33
04/21/2021,17.32,18.04,14.21,14.79
04/22/2021,14.79,19.46,14.03,16.77
04/23/2021,16.78,16.78,13.35,14.07
04/26/2021,14.09,15.7,14.09,14.81
04/27/2021,14.81,15.66,13.99,14.55
04/28/2021,14.56,14.68,13.38,13.62
04/29/2021,13.59,16.04,13.53,13.96
04/30/2021,13.95,16.75,13.95,15.53
05/03/2021,15.53,16.89,15.09,16.17
05/04/2021,16.17,22,16.17,17.75
05/05/2021,17.75,18.26,15.57,17.57
05/06/2021,17.49,19.95,15.81,16.04
05/07/2021,16.07,16.82,13.58,14.09
05/10/2021,14.09,19.8,14.09,19.68
05/11/2021,19.68,26.59,19.68,22.03
05/12/2021,22.03,30.16,22.03,29.55
05/13/2021,29.79,29.79,21.94,23.21
05/14/2021,23.17,23.17,17.24,17.41
05/17/2021,20.49,22.15,18.65,18.83
05/18/2021,19.03,21.21,17.94,20.99
05/19/2021,20.92,26.87,20.73,21.21
05/20/2021,19.61,19.97,18.04,18.56
05/21/2021,18.53,19.37,16.65,17.12
05/24/2021,17.5,17.5,14.59,14.67
05/25/2021,14.86,16.18,14.62,15.79
05/26/2021,15.8,16.24,13.83,13.84
05/27/2021,13.76,14.06,12.99,13.03
05/28/2021,13.08,13.12,11.65,12.73
06/01/2021,14.55,16.43,14.46,15
06/02/2021,14.89,15.12,13.33,13.7
06/03/2021,13.69,16.57,13.69,15.18
06/04/2021,14.05,14.05,12.47,12.7
06/07/2021,14.84,14.96,13.81,13.91
06/08/2021,14.21,16.25,14.21,15.43
06/09/2021,15.27,17.13,15.27,17.09
06/10/2021,15.25,15.82,13.81,13.83
06/11/2021,13.53,13.8,12.99,13.06
06/14/2021,14.5,15.89,14.5,14.92
06/15/2021,15.36,16.51,15.3,15.92
06/16/2021,15.81,19.82,15.48,17.94
06/17/2021,17.05,19.21,15.23,16.67
06/18/2021,20.96,20.97,18.16,20.14
06/21/2021,20.14,21.04,16.83,16.83
06/22/2021,16.43,16.69,14.52,14.58
06/23/2021,14.33,14.58,13.51,13.63
06/24/2021,12.78,12.84,12.42,12.77
06/25/2021,12.68,12.7,11.46,11.86
06/28/2021,11.86,13.12,11.86,11.92
06/29/2021,11.57,12.47,11.56,11.86
06/30/2021,12.77,12.92,10.75,11.11
07/01/2021,11.44,11.9,11.11,11.43
07/02/2021,10.69,11.01,10.12,10.4
07/06/2021,12.75,16.38,11.34,13.76
07/07/2021,13.62,15.62,12.32,13.07
07/08/2021,18.65,19.68,15.97,17.24
07/09/2021,15.21,15.21,12.61,13.02
07/12/2021,13.02,14.62,13.02,13.52
07/13/2021,14.17,15.17,13.23,14.98
07/14/2021,13.47,15.29,13.16,13.45
07/15/2021,15.02,16.13,13.85,14.55
07/16/2021,13.3,16.97,13.15,16.3
07/19/2021,16.27,27.76,16.27,22.15
07/20/2021,22.15,22.82,17.41,17.86
07/21/2021,16.75,17.04,14.5,14.65
07/22/2021,14.79,15.6,13.94,14.07
07/23/2021,13.01,13.99,12.27,12.87
07/26/2021,12.83,16.04,12.83,14.01
07/27/2021,15.39,18.96,14.72,17.16
07/28/2021,15.91,17.08,13.81,14.82
07/29/2021,13.86,13.92,13.06,13.65
07/30/2021,15.37,15.64,13.81,14.36
08/02/2021,15.43,17.06,14.73,16.21
08/03/2021,15.66,17.92,13.26,13.68
08/04/2021,14.91,15.02,13.29,13.62
08/05/2021,13.77,13.85,13.1,13.25
08/06/2021,12.66,13.08,10.91,10.96
08/09/2021,13.18,13.82,12.51,12.75
08/10/2021,12.75,13.62,12.54,13.23
08/11/2021,12.52,12.65,10.96,11.58
08/12/2021,12.4,12.91,11.53,11.54
08/13/2021,11.65,11.78,10.91,11.21
08/16/2021,14.6,15.72,12.79,13.07
08/17/2021,15.43,19.58,14.6,16.29
08/18/2021,17.03,23.18,15.05,23.12
08/19/2021,23.33,24.03,19.82,21.24
08/20/2021,21.1,21.1,14.7,15.1
08/23/2021,15.49,15.49,13.91,14.02
08/24/2021,14.15,14.53,13.58,13.94
08/25/2021,14.02,14.03,12.58,12.99
08/26/2021,14.21,17.87,13.88,17.11
08/27/2021,17.11,17.58,12.07,12.32
08/30/2021,12.39,12.97,11.79,12
08/31/2021,12.55,13.35,12.01,12.75
09/01/2021,12.46,12.76,11.46,11.75
09/02/2021,11.81,13.69,11.64,12.73
09/03/2021,13.29,13.65,11.15,11.66
09/07/2021,11.66,15.89,11.66,15.33
09/08/2021,16.34,17.72,14.24,14.75
09/09/2021,15.39,17.7,13.74,16.55
09/10/2021,13.72,22.68,13.57,22.58
09/13/2021,22.53,23.1,17.98,20.2
09/14/2021,18.13,21.41,17.96,19.43
09/15/2021,19,20.2,15.93,16.2
09/16/2021,17.45,19.23,15.47,16.64
09/17/2021,16.93,20.99,16.58,19.66
09/20/2021,19.67,32.96,19.67,27.7
09/21/2021,24.87,26.9,22.77,25.13
09/22/2021,23.04,23.59,19.28,19.46
09/23/2021,17.93,18.03,16.56,17.08
09/24/2021,18.95,18.95,15.19,15.24
09/27/2021,15.35,18.1,15.35,16.96
09/28/2021,19.72,27.52,19.69,24.56
09/29/2021,23.6,24.82,21.26,21.79
09/30/2021,21.77,25.47,20.29,23.03
10/01/2021,23.03,23.55,18.97,19.42
10/04/2021,19.41,25.9,19.41,23.04
10/05/2021,22.3,22.62,19.53,20.32
10/06/2021,22.28,24.35,19.24,19.54
10/07/2021,18.69,18.73,17.27,18.13
10/08/2021,18.11,18.11,16.18,16.74
10/11/2021,16.73,19.96,16.24,19.75
10/12/2021,19.15,20.32,18.09,19.41
10/13/2021,18.43,20,17.16,17.45
10/14/2021,15.77,16.07,14.8,14.8
10/15/2021,14.83,14.83,13.18,13.24
10/18/2021,13.43,16.4,13.43,13.91
10/19/2021,13.88,14.11,12.99,13.34
10/20/2021,12.88,13.62,12.65,12.69
10/21/2021,13.39,13.48,11.76,11.81
10/22/2021,12.49,13.97,11.6,11.98
10/25/2021,11.99,14.42,11.99,13.09
10/26/2021,13.11,15.48,12.77,14.33
10/27/2021,14.48,15.6,13.6,15.16
10/28/2021,15.13,15.24,13.99,14.31
10/29/2021,16.05,16.05,13.35,13.67
11/01/2021,13.67,16.79,13.67,15.02
11/02/2021,15.12,15.14,14.48,14.74
11/03/2021,14.74,15.43,12.94,13.1
11/04/2021,12.84,14.2,12.42,13.04
11/05/2021,13.04,14.75,12.26,13.15
11/08/2021,14.49,16.1,14.24,14.43
11/09/2021,14.85,16.48,14.77,15.19
11/10/2021,15.74,18.32,14.18,15.95
11/11/2021,15.15,15.32,14,14.3
11/12/2021,13.58,13.9,11.97,11.99
11/15/2021,13.26,14.01,12.2,12.2
11/16/2021,13.03,13.03,11.54,11.94
11/17/2021,11.99,12.78,11.3,11.51
11/18/2021,12.17,13.11,11.69,12.43
11/19/2021,14.01,14.17,12.2,12.45
11/22/2021,13.78,16.67,13.22,16.06
11/23/2021,16.88,19.48,15.9,16.35
11/24/2021,17.99,19.09,14.69,14.82
11/26/2021,27.53,32.39,25.52,30.6
11/29/2021,24.1,26.28,20.37,21.43
11/30/2021,24.97,30.73,22.29,28.38
12/01/2021,23.6,35.57,20.86,33.93
12/02/2021,32.04,33.28,27.23,28.04
12/03/2021,25.37,39.21,24.86,31.7
12/06/2021,29.53,32.29,26.48,27.29
12/07/2021,22.54,22.54,20.42,20.83
12/08/2021,20.97,21.58,15.8,17.5
12/09/2021,18.88,21.12,17.94,20.49
12/10/2021,17.71,19.27,15.7,15.7
12/13/2021,17.9,20.35,17.73,18.54
12/14/2021,21.32,23.08,20.07,21.02
12/15/2021,21.14,24.07,16.19,16.78
12/16/2021,16.37,21.59,15.93,18.76
12/17/2021,21.14,23.07,18.59,19.35
12/20/2021,25.68,25.92,22.09,22.21
12/21/2021,21.02,21.98,18.74,18.83
12/22/2021,17.95,18.16,14.52,14.76
12/23/2021,15.22,15.22,13.12,13.71
12/27/2021,16.14,16.43,14.2,14.48
12/28/2021,15.01,15.88,14.39,14.4
12/29/2021,14.36,14.6,12.56,12.85
12/30/2021,13.69,14.41,12.98,13.86
12/31/2021,14.24,14.62,13.15,13.26
01/03/2022,15.93,16.64,13.46,13.52
01/04/2022,13.9,15.26,13.47,13.88
01/05/2022,14.27,18.73,13.37,18.07
01/06/2022,19.16,20.58,16.17,17.06
01/07/2022,17.52,19.3,15.3,15.4
01/10/2022,19.93,23.69,17.61,17.91
01/11/2022,18.85,20.57,16.32,16.59
01/12/2022,15.58,16.79,14.59,14.68
01/13/2022,15.32,19.51,14.95,18.79
01/14/2022,20.65,20.91,16.85,17.31
01/18/2022,23.02,24.84,22.87,24.17
01/19/2022,23.6,24.72,22.36,23.96
01/20/2022,23.1,26.73,20.85,26.73
01/21/2022,28.34,32.86,27.07,30.86
01/24/2022,39.46,49.7,35.19,35.82
01/25/2022,40.21,44.66,35,37.18
01/26/2022,33.94,39.73,31.98,37.4
01/27/2022,32.72,37.68,32.39,33.03
01/28/2022,32.37,34.73,27.35,28.13
01/31/2022,30.31,30.81,24.89,25.33
02/01/2022,24.49,26,21.1,21.1
02/02/2022,21.33,22.74,19.19,21.6
02/03/2022,24.25,26.59,21.46,24.11
02/04/2022,25.53,26.32,20.55,21.86
02/07/2022,23.52,23.83,20.72,21.61
02/08/2022,21.76,22.72,19.92,20.07
02/09/2022,19.11,19.54,18.52,18.67
02/10/2022,21.13,24.92,19.02,23.71
02/11/2022,23.61,34.66,22.61,26.84
02/14/2022,30.28,33.98,27.62,27.62
02/15/2022,26.15,26.29,23.94,24.49
02/16/2022,25.09,26.39,20.83,21.32
02/17/2022,24.63,28.49,24.59,27.69
02/18/2022,27.25,29.39,25.44,26.03
02/22/2022,30.4,32.83,28.54,28.62
02/23/2022,27.86,30.95,27.49,30.71
02/24/2022,39.91,39.91,28.69,30.04
02/25/2022,29.07,29.73,25.3,26.15
02/28/2022,34.08,35.15,29.01,31.5
03/01/2022,32.44,37.98,32.4,34.8
03/02/2022,34.28,34.86,29.68,30.79
03/03/2022,29.04,32.85,29.04,30.02
03/04/2022,34.41,36.28,30.03,31.11
03/07/2022,34.33,38.63,34.28,38.57
03/08/2022,37.32,39.6,33.82,36.66
03/09/2022,34.05,35.26,32,33.44
03/10/2022,33.77,33.84,29.94,30.01
03/11/2022,29.27,31,28.42,30.63
03/14/2022,33.13,36.08,31.88,34.23
03/15/2022,33.97,34.52,30.59,30.71
03/16/2022,29.43,30.84,25.92,26.51
03/17/2022,26.85,26.94,24.43,24.94
03/18/2022,25.99,26.07,22.04,22.19
03/21/2022,24.4,25.46,22.68,22.73
03/22/2022,22.25,23.23,22.14,22.57
03/23/2022,23.94,24.11,22.18,23.21
03/24/2022,23.33,23.94,20.33,20.42
03/25/2022,20.94,22.32,18.45,18.45
03/28/2022,21.27,21.65,17.66,17.82
03/29/2022,17.23,18.86,17.2,17.54
03/30/2022,17.94,19.2,17.26,17.43
03/31/2022,18.32,19.72,17.51,18.4
04/01/2022,17.89,18.02,15.58,16
04/04/2022,18.01,18.11,15.36,15.76
04/05/2022,16.76,19.59,16.28,18.62
04/06/2022,20.73,23.65,19.28,19.64
04/07/2022,20.2,22.41,18.61,19.05
04/08/2022,19.32,19.86,17.14,17.3
04/11/2022,20.71,22.85,20.58,22.85
04/12/2022,21.41,23.97,19.89,22.49
04/13/2022,22.6,22.63,18.53,19.15
04/14/2022,18.67,19.39,18.04,19.34
04/18/2022,23.1,23.19,19.74,20.88
04/19/2022,21.72,21.88,19.37,20.7
04/20/2022,19.52,20.72,18.52,19.3
04/21/2022,18.96,23.28,18.58,22.21
04/22/2022,23.25,29.83,22.74,29.07
04/25/2022,32.92,36.47,28.7,28.95
04/26/2022,30.63,38.16,30.05,37.74
04/27/2022,35.43,37.18,33.19,34.82
04/28/2022,32.6,36.24,30.04,32.25
04/29/2022,31.62,37.72,30.46,36.11
05/02/2022,39.05,41.67,34.91,35.4
05/03/2022,35.14,35.48,31.27,31.61
05/04/2022,32.09,33.23,25.65,26.16
05/05/2022,27.51,36.35,27.19,33.25
05/06/2022,35.53,38.93,29.55,29.79
05/09/2022,35.16,37.89,34.49,36.65
05/10/2022,34,36.77,33.91,34.7
05/11/2022,35.32,35.57,32.19,33.92
05/12/2022,36.73,38.78,33.22,33.32
05/13/2022,31.59,31.9,29.07,29.38
05/16/2022,31.79,32.3,28.37,28.52
05/17/2022,27.92,28.63,26.29,26.92
05/18/2022,28.87,33.11,28.7,32.3
05/19/2022,33.64,35.48,30.2,30.69
05/20/2022,30.2,35.85,29.17,29.19
05/23/2022,30.85,32.2,28.74,28.98
05/24/2022,30.25,32.56,29.29,29.48
05/25/2022,30.58,30.7,27.17,27.37
05/26/2022,27.59,27.7,25.23,25.67
05/27/2022,24.75,24.79,22.59,23.13
05/31/2022,28.43,29.47,24.43,25.91
06/01/2022,25.39,28.1,24.81,25.12
06/02/2022,26.34,26.83,23.27,23.57
06/03/2022,25.49,26.14,23.05,23.05
06/06/2022,25.79,27.01,25.32,25.57
06/07/2022,27.12,27.36,24,24.23
06/08/2022,25.53,25.73,23.8,23.91
06/09/2022,25.47,27.76,24.25,27.54
06/10/2022,29.15,32.23,27.59,28.78
06/13/2022,37.51,41.52,36.41,38.86
06/14/2022,38.08,39.01,33.98,36.95
06/15/2022,36.99,36.99,30.32,32.53
06/16/2022,34.19,38.47,33.33,36.58
06/17/2022,35.21,36.3,29.96,30.4
06/21/2022,32.43,32.44,29.9,30.38
06/22/2022,31.26,31.42,28.24,28.3
06/23/2022,29.02,29.37,28.02,28.29
06/24/2022,28.18,28.18,25.1,26.04
06/27/2022,28.35,29.02,25.79,25.81
06/28/2022,26,27.87,25.19,27.18
06/29/2022,27.89,28.75,26.25,26.56
06/30/2022,28.24,29.1,26.53,26.86
07/01/2022,26.39,26.99,23.28,23.56
07/05/2022,30.38,30.71,27.25,27.34
07/06/2022,28.09,28.3,25.72,25.95
07/07/2022,25.71,25.86,23.98,24.79
07/08/2022,25.01,25.05,21.78,21.91
07/11/2022,25.95,26.53,24.43,24.46
07/12/2022,25.66,27.67,24.9,27.13
07/13/2022,28.87,29.17,25.54,25.94
07/14/2022,27.59,28.32,25.02,25.22
07/15/2022,24.25,24.77,22.02,22.14
07/18/2022,25.69,26.55,24.63,25.6
07/19/2022,25.31,26.6,24.99,26.2
07/20/2022,26.94,26.98,24.65,25.18
07/21/2022,25.62,26.29,23.09,23.44
07/22/2022,23.03,23.81,22,22.09
07/25/2022,24.62,25.12,22.79,23.09
07/26/2022,24.32,25.71,24.19,24.95
07/27/2022,24.46,24.74,21.86,22.14
07/28/2022,21.34,22.56,20.53,20.81
07/29/2022,20.24,20.38,18.57,18.57
08/01/2022,22.3,22.72,21.65,21.94
08/02/2022,23.84,24.75,22.07,23.25
08/03/2022,22.21,22.37,20.17,20.56
08/04/2022,21.41,21.73,19.69,19.69
08/05/2022,21.06,21.06,18.57,19.32
08/08/2022,21.06,21.85,19.8,19.93
08/09/2022,21.16,21.54,20.5,20.81
08/10/2022,18.89,19.4,17.49,17.59
08/11/2022,18.15,19,17.94,18.03
08/12/2022,17.89,19.27,16.58,16.78
08/15/2022,19.99,19.99,18.48,18.54
08/16/2022,18.89,19.38,18.08,18.6
08/17/2022,19.55,19.71,18.38,18.64
08/18/2022,19.07,19.39,17.58,17.67
08/19/2022,18.66,19.51,18.05,18.24
08/22/2022,22.62,24.29,22.36,22.85
08/23/2022,23.1,23.49,22.27,23.35
08/24/2022,23.11,23.37,21.11,21.2
08/25/2022,21.6,21.87,20.15,20.34
08/26/2022,20.54,24.63,19.93,23.9
08/29/2022,26.88,26.88,24.14,24.76
08/30/2022,24.38,27.16,24.36,24.41
08/31/2022,24.43,24.78,23.09,23.69
09/01/2022,24.95,25.87,23.17,23.76
09/02/2022,21.63,24.38,20.31,22.97
09/06/2022,26.51,29.41,26.31,26.99
09/07/2022,27.01,27.11,23.97,24.05
09/08/2022,26.32,27.88,22.72,22.84
09/09/2022,22.46,23.13,21.56,21.71
09/12/2022,24.2,25.6,24.17,25.26
09/13/2022,24.98,31.26,24.58,29.14
09/14/2022,28.64,29.31,27.21,27.28
09/15/2022,27.92,28.32,26.37,27.11
09/16/2022,29.29,30.54,26.86,27.06
09/19/2022,30.76,30.76,27.49,27.78
09/20/2022,29.57,31.54,29.02,30.39
09/21/2022,30.39,32.22,27.23,30.34
09/22/2022,29.59,30.28,26.93,27.67
09/23/2022,29.71,33.83,29.04,30.25
09/26/2022,34.54,35.13,31.8,34.14
09/27/2022,33.08,36.48,31.86,33.49
09/28/2022,34.71,35.84,31,31.16
09/29/2022,33.1,35.29,32.42,32.67
09/30/2022,32.4,33.01,28.91,31.19
10/03/2022,32.83,33.53,30.15,30.65
10/04/2022,29.67,30.33,29.12,29.82
10/05/2022,30.63,30.98,28.77,28.81
10/06/2022,29.63,31.84,29.41,31.3
10/07/2022,30.52,31.96,30.44,30.55
10/10/2022,33.34,34.55,31.87,32.22
10/11/2022,33.87,35.77,32.87,34.66
10/12/2022,35.56,36.17,34.22,34.61
10/13/2022,32.75,33.86,30.6,31.51
10/14/2022,31.21,32.83,29.49,29.67
10/17/2022,31.13,31.55,30.03,30.6
10/18/2022,30.42,31.52,28.95,28.99
10/19/2022,30.3,30.77,28.63,28.67
10/20/2022,29.32,29.48,27.87,27.87
10/21/2022,28.98,29.18,27.83,28.46
10/24/2022,32.69,33.28,31.47,31.66
10/25/2022,32.19,32.28,30.43,30.67
10/26/2022,31.17,31.23,29.25,29.32
10/27/2022,30.39,30.88,29.43,29.77
10/28/2022,29.61,29.74,27.8,27.81
10/31/2022,31.83,32.01,29.75,29.8
11/01/2022,30.56,31.58,30.13,30.51
11/02/2022,31.85,32.49,29.06,29.37
11/03/2022,30.62,30.75,28.12,28.4
11/04/2022,27.74,28.26,26.56,27.04
11/07/2022,29.6,30,27.13,27.16
11/08/2022,27.41,29.89,26.85,28.7
11/09/2022,28.82,29.39,27.69,28.9
11/10/2022,23.6,25.04,23.09,24.46
11/11/2022,23.7,23.82,20.99,21.31
11/14/2022,22.55,22.56,20.4,21.19
11/15/2022,20.76,25.72,20.47,21.8
11/16/2022,21.35,21.39,19.6,19.67
11/17/2022,21.02,21.14,19.57,19.74
11/18/2022,19.23,19.91,18.29,18.34
11/21/2022,21.32,21.33,19.29,19.51
11/22/2022,19.71,19.8,19.03,19.03
11/23/2022,19.73,19.85,16.91,16.91
11/25/2022,18.5,18.66,17.01,17.06
11/28/2022,20.45,20.7,19.6,20.07
11/29/2022,20.47,21.26,20.16,20.39
11/30/2022,21.23,22.4,18.52,18.87
12/01/2022,19.85,20.35,18.38,18.38
12/02/2022,19.78,19.78,17.8,17.95
12/05/2022,23.03,24.63,22.45,23.81
12/06/2022,24.2,27.74,24.09,27.08
12/07/2022,28.53,29.32,27.75,28.07
12/08/2022,27.86,28.51,26.28,26.74
12/09/2022,27.11,27.37,25.63,26.48
12/12/2022,27.69,29.66,27.68,29.54
12/13/2022,22.21,25.85,21.97,23.7
12/14/2022,23.63,24.29,19.99,20.2
12/15/2022,20.5,23.31,20.24,21.73
12/16/2022,22.36,22.4,19.77,20.51
12/19/2022,21.79,21.85,19.7,20.83
12/20/2022,21.47,21.68,19.62,19.78
12/21/2022,18.83,18.94,17.33,17.58
12/22/2022,18.31,24.52,18.18,19.84
12/23/2022,19.81,21.4,17.42,17.49
12/27/2022,21.52,22.21,19.72,19.77
12/28/2022,20.38,21.15,19.13,20.88
12/29/2022,21.28,21.52,20.29,20.49
12/30/2022,21.75,22.12,20.86,21.14
01/03/2023,25.82,26.08,24.84,25.08
01/04/2023,25.45,25.85,23.85,23.92
01/05/2023,24.89,25.55,24.3,24.54
01/06/2023,23.89,23.99,21.45,21.57
01/09/2023,23.09,23.15,22.21,23.04
01/10/2023,23.55,23.61,21.49,21.5
01/11/2023,22.15,23,21.83,22.41
01/12/2023,18.95,18.97,16.46,16.46
01/13/2023,16.86,16.93,14.69,14.82
01/17/2023,18.05,18.16,16.42,16.61
01/18/2023,16.32,17.75,15.55,17.24
01/19/2023,19.2,20,17.98,18.28
01/20/2023,19.02,19.31,17.49,18.26
01/23/2023,21.67,22.04,21.07,21.25
01/24/2023,22.34,22.93,21.22,21.84
01/25/2023,23.35,24.33,21.95,22.01
01/26/2023,21.95,22.26,21.05,21.05
01/27/2023,20.99,21,19.6,20.03
01/30/2023,22.13,23.03,21.95,22.42
01/31/2023,22.95,23.17,21.38,21.74
02/01/2023,22.38,22.66,18.55,18.56
02/02/2023,18.31,20.17,18.01,19.13
02/03/2023,18.2,19.21,17.76,17.76
02/06/2023,20.87,21.32,20.53,20.67
02/07/2023,21.72,21.84,19.38,19.62
02/08/2023,20.4,21.85,20.01,21
02/09/2023,20.6,23.3,20.3,22.74
02/10/2023,23.21,23.65,21.33,21.5
02/13/2023,23.03,23.04,21.41,21.41
02/14/2023,19.76,20.23,17.05,17.72
02/15/2023,18.03,18.04,15.97,16.02
02/16/2023,18.06,19.51,16.25,19.33
02/17/2023,19.41,19.93,16.56,16.94
02/21/2023,20.97,21.99,20.62,21.14
02/22/2023,21.57,21.57,19.16,19.2
02/23/2023,18.72,19.67,17.78,18.11
02/24/2023,19.9,20.59,18.21,18.38
02/27/2023,20.28,20.29,19.31,19.37
02/28/2023,19.92,20.12,18.71,19.59
03/01/2023,20.04,20.62,19.44,19.59
03/02/2023,20.37,20.51,18.66,18.71
03/03/2023,19.13,19.13,17.37,17.76
03/06/2023,20.03,20.08,19.46,19.6
03/07/2023,20.44,21.47,19.72,20.96
03/08/2023,21.72,22.07,20.4,20.57
03/09/2023,21.14,26.81,20.66,25.46
03/10/2023,25.37,32.85,24.28,26.86
03/13/2023,36.06,36.93,29.24,30.93
03/14/2023,27.12,28.16,24.43,25.97
03/15/2023,30.12,34.3,28.65,29.31
03/16/2023,30.76,30.89,24.61,24.61
03/17/2023,25.39,28.88,24.72,27.01
03/20/2023,28.92,29.49,25.64,25.9
03/21/2023,24.19,24.55,22.83,22.84
03/22/2023,23.12,24.32,20.43,23.75
03/23/2023,20.89,27.48,19.98,23.11
03/24/2023,24.31,26.65,20.59,20.62
03/27/2023,20.81,21.53,19.25,19.31
03/28/2023,20.05,20.42,18.24,18.33
03/29/2023,17.69,18.06,17.12,17.17
03/30/2023,17.44,18.69,17.16,17.3
03/31/2023,17.31,17.33,16.44,16.51
04/03/2023,18.89,18.95,16.94,17.03
04/04/2023,17.52,18.79,17.24,17.42
04/05/2023,18.32,18.52,16.88,16.99
04/06/2023,17.99,18.24,15.66,15.68
04/10/2023,18.35,18.56,16.69,16.8
04/11/2023,17.02,17.12,15.94,16.86
04/12/2023,15.99,17.11,14.98,15.9
04/13/2023,15.35,15.54,14.6,14.65
04/14/2023,14.81,14.97,13.33,13.35
04/17/2023,15.45,15.5,14.22,14.51
04/18/2023,14.72,15.33,14.42,14.71
04/19/2023,15.2,15.33,14.11,14.3
04/20/2023,15.7,16.06,14.38,15.13
04/21/2023,15.8,16.25,14.61,14.88
04/24/2023,17.34,17.8,16.44,16.65
04/25/2023,17.99,21.02,17.65,19.08
04/26/2023,19.37,20.27,18.11,19.28
04/27/2023,18.32,18.4,16.81,17.22
04/28/2023,16.71,17.17,15.41,15.53
05/01/2023,17,17,15.93,16.07
05/02/2023,16.88,20.96,16.87,18.61
05/03/2023,19.11,20.36,17.4,18.49
05/04/2023,19.54,22.38,19.27,19.88
05/05/2023,17.34,17.34,14.87,15.34
05/08/2023,16.74,16.99,15.14,15.24
05/09/2023,16.39,16.49,15.55,16.4
05/10/2023,14.81,16.82,13.93,14.59
05/11/2023,15.97,16.75,14.17,14.49
05/12/2023,14.18,15.82,13.79,14.09
05/15/2023,15.76,16.22,14.48,14.64
05/16/2023,15.27,16.41,14.73,15.99
05/17/2023,15.07,15.84,14.3,14.67
05/18/2023,15.08,15.17,13.91,14.06
05/19/2023,14.36,15.95,14.1,14.25
05/22/2023,15.89,17.2,15.29,15.52
05/23/2023,16.91,18.47,16.24,17.37
05/24/2023,19.4,20.55,18.78,19.77
05/25/2023,19,19.65,18.2,18.46
05/26/2023,18.33,18.34,16.49,17.24
05/30/2023,16.95,17.82,16.51,16.51
05/31/2023,17.22,17.39,15.61,16.85
06/01/2023,16.22,16.5,13.94,13.98
06/02/2023,13.91,14.26,12.54,12.74
06/05/2023,15.01,15.12,14.11,14.14
06/06/2023,14.65,14.65,13.82,13.83
06/07/2023,14.07,14.52,13.44,13.86
06/08/2023,14.08,14.1,13.37,13.59
06/09/2023,13.46,13.76,13.03,13.29
06/12/2023,14.78,15.36,14.16,15.35
06/13/2023,14.57,14.72,14.22,14.4
06/14/2023,14.64,14.7,12.7,12.71
06/15/2023,13.02,13.96,12.74,13.58
06/16/2023,13.78,13.78,11.24,11.33
06/20/2023,14.04,14.1,12.88,12.92
06/21/2023,13.06,13.2,11.88,12.03
06/22/2023,12.71,12.71,10.93,11.15
06/23/2023,12.13,12.21,10.95,11.61
06/26/2023,13.22,13.22,12.37,12.68
06/27/2023,12.71,12.74,11.86,12.05
06/28/2023,12.09,12.17,11.52,11.74
06/29/2023,12.16,12.38,11.59,11.75
06/30/2023,11.71,11.71,10.67,11.53
07/03/2023,12.8,12.81,11.9,12
07/05/2023,13.42,13.43,12.51,12.57
07/06/2023,14.48,16.06,13.72,13.96
07/07/2023,13.92,13.92,11.99,12.6
07/10/2023,14.3,14.42,13.45,13.5
07/11/2023,13.36,13.92,13.29,13.7
07/12/2023,12.59,12.63,11.3,11.38
07/13/2023,11.83,12.17,11.47,12.13
07/14/2023,12.42,12.42,11.57,11.9
07/17/2023,13.92,13.92,13.02,13.09
07/18/2023,13.56,13.59,13.13,13.15
07/19/2023,13.33,13.75,13.22,13.36
07/20/2023,13.83,14.01,13.15,13.57
07/21/2023,13.42,13.42,12.44,12.5
07/24/2023,14,14.13,13.37,13.41
07/25/2023,13.83,14.07,13.49,13.49
07/26/2023,13.72,13.73,11.72,11.74
07/27/2023,11.62,14.37,11.3,13.47
07/28/2023,12.14,12.32,11.21,11.23
07/31/2023,13.04,13.28,12.5,12.62
08/01/2023,13.3,13.35,12.75,13.01
08/02/2023,14.86,15.83,14.73,15.4
08/03/2023,16.48,16.76,14.58,15.06
08/04/2023,14.13,16.88,12.74,16.09
08/07/2023,16,16.78,14.61,14.68
08/08/2023,16.03,17.66,14.81,14.81
08/09/2023,14.88,16.59,14.5,15.33
08/10/2023,14.43,17.2,13.68,15.38
08/11/2023,15.91,16.13,13.63,13.63
08/14/2023,16.25,16.37,14.5,14.57
08/15/2023,15.38,16.85,15.3,16.56
08/16/2023,16.48,16.77,15.65,16.36
08/17/2023,16.29,17.87,16.28,17.47
08/18/2023,18.26,18.46,16.43,16.54
08/21/2023,17.95,18.13,16.51,16.82
08/22/2023,16.63,17.35,16.18,16.39
08/23/2023,16.25,16.35,15.19,15.34
08/24/2023,14.88,16.14,14.79,16.1
08/25/2023,15.98,16.23,13.78,13.78
08/28/2023,14.79,14.79,13.52,13.53
08/29/2023,13.62,13.65,13.04,13.3
08/30/2023,13.33,13.57,12.28,12.42
08/31/2023,12.44,12.47,11.67,11.79
09/01/2023,11.66,11.71,10.44,10.45
09/05/2023,13.44,13.59,12.62,12.89
09/06/2023,13.24,14.76,12.9,13.1
09/07/2023,14.84,15.11,13.1,13.1
09/08/2023,13.35,13.35,12.15,12.38
09/11/2023,13.83,14.05,13.15,13.27
09/12/2023,13.91,14.26,13.28,14.05
09/13/2023,13.62,13.65,12.37,12.47
09/14/2023,12.61,12.71,11.74,11.8
09/15/2023,12.22,13.51,11.94,12.51
09/18/2023,14.72,14.89,13.53,13.62
09/19/2023,14.34,15.32,14.14,14.23
09/20/2023,14.41,15.29,13.56,15.27
09/21/2023,16.3,18.88,12.66,18.88
09/22/2023,17.74,17.93,15.68,17.51
09/25/2023,19.52,19.76,17.29,17.56
09/26/2023,18.79,20.58,18.3,19.85
09/27/2023,19.04,20.57,18.67,18.92
09/28/2023,20.1,20.13,17.39,17.63
09/29/2023,16.18,17.7,15.33,17.2
10/02/2023,19.07,19.13,16.4,17.61
10/03/2023,19.06,21.24,18.45,19.9
10/04/2023,19.89,20,17.9,18.3
10/05/2023,18.38,19.71,18.17,18.36
10/06/2023,19.18,19.57,16.11,16.29
10/09/2023,18.81,19.07,17.27,17.88
10/10/2023,17.59,17.6,16.34,17.11
10/11/2023,16.22,17.74,15.16,15.17
10/12/2023,15,18.21,14.45,15.87
10/13/2023,16.22,21.39,16.03,18.76
10/16/2023,18.71,18.71,17.08,17.19
10/17/2023,18.37,18.86,16.89,17.71
10/18/2023,18.5,20.33,18.26,18.9
10/19/2023,19.19,21.58,18.37,21.46
10/20/2023,21.11,22.03,19.83,20.76
10/23/2023,22.69,23.42,20.11,20.69
10/24/2023,20.16,20.75,18.8,19.31
10/25/2023,19.59,21.96,19.59,20.49
10/26/2023,21.72,22.65,20.61,20.8
10/27/2023,20.45,22.73,19.89,21.36
10/30/2023,21.64,22.17,20.39,20.65
10/31/2023,20.5,20.86,18.57,19.02
11/01/2023,18.81,18.92,16.79,16.87
11/02/2023,16.29,16.31,15,15.16
11/03/2023,14.87,15.42,13.71,13.71
11/06/2023,15.31,15.64,14.45,14.53
11/07/2023,14.68,14.92,14.29,14.43
11/08/2023,14.42,15.11,13.76,13.83
11/09/2023,13.73,15.06,13.67,14.7
11/10/2023,14.07,14.42,12.78,12.78
11/13/2023,14.37,14.37,13.59,13.8
11/14/2023,12.72,13.33,12.57,12.87
11/15/2023,12.76,12.87,11.79,11.89
11/16/2023,11.9,12.31,11.56,11.81
11/17/2023,11.86,11.86,10.67,10.67
11/20/2023,12.39,12.39,11.14,11.14
11/21/2023,11.63,11.68,11.24,11.47
11/22/2023,10.82,11.03,9.96,9.96
11/24/2023,11.2,11.2,9.8,9.83
11/27/2023,11.91,11.98,11.25,11.27
11/28/2023,11.7,13.67,11.34,11.52
11/29/2023,11.77,12.54,11.71,12.05
11/30/2023,12.75,12.96,12.16,12.3
12/01/2023,12.53,12.59,11.86,11.98
12/04/2023,14.25,14.55,13.39,13.46
12/05/2023,14.02,14.18,13.44,13.53
12/06/2023,13.68,13.92,13.51,13.67
12/07/2023,13.8,13.93,13.64,13.73
12/08/2023,13.06,13.26,12.21,12.21
12/11/2023,13.37,13.39,12.63,12.68
12/12/2023,12.37,12.45,11.26,11.64
12/13/2023,12.06,12.63,11.48,12.43
12/14/2023,11.89,12.72,11.55,12.29
12/15/2023,11.44,11.78,10.47,10.87
12/18/2023,11.83,12.06,11.43,11.44
12/19/2023,11.38,11.43,11.02,11.25
12/20/2023,11.2,13.79,10.85,13.67
12/21/2023,12.97,14.54,12.87,13.11
12/22/2023,12.99,13.16,11.49,11.56
12/26/2023,13.62,13.63,12.36,12.45
12/27/2023,12.56,12.56,11.22,11.23
12/28/2023,11.51,11.61,11.17,11.23
12/29/2023,11.57,12.21,10.67,10.67
01/02/2024,13.71,13.93,12.55,12.59
01/03/2024,13.26,13.6,12.71,13.24
01/04/2024,13.57,13.59,12.75,13.06
01/05/2024,12.52,12.54,11.71,11.71
01/08/2024,12.91,12.99,11.68,11.7
01/09/2024,12.03,12.2,11.33,11.35
01/10/2024,11.41,11.53,11,11.09
01/11/2024,10.88,12.37,10.55,10.75
01/12/2024,10.99,11.62,10.34,10.52
01/16/2024,13.1,13.62,12.46,12.64
01/17/2024,14.11,14.54,13.17,13.32
01/18/2024,13.3,13.81,12.66,12.66
01/19/2024,12.59,13.05,11.81,11.82
01/22/2024,13.72,13.89,13.15,13.18
01/23/2024,13.58,13.68,12.47,12.49
01/24/2024,12.81,13.59,12.55,13.58
01/25/2024,13.45,14.07,13.43,13.74
01/26/2024,13.88,13.92,12.95,13.07
01/29/2024,14.64,14.65,13.88,13.95
01/30/2024,14.07,14.21,13.62,13.72
01/31/2024,13.54,15.05,13.51,14.55
02/01/2024,14.32,14.76,13.22,13.28
02/02/2024,13.56,13.72,12.63,13.04
02/05/2024,14.1,14.63,13.25,13.35
02/06/2024,13.18,13.58,12.26,12.46
02/07/2024,12.38,13.17,11.95,11.96
02/08/2024,12.34,12.34,11.56,11.6
02/09/2024,11.96,11.96,11.25,11.61
02/12/2024,12.61,13.23,12.49,13.03
02/13/2024,14.05,18.2,13.59,15
02/14/2024,13.68,14.36,12.79,12.92
02/15/2024,13,13.41,12.42,12.47
02/16/2024,13.07,13.45,11.91,12.57
02/20/2024,14.65,15.72,14.54,14.85
02/21/2024,15.44,15.73,14.46,14.65
02/22/2024,13.18,13.79,12.86,13.17
02/23/2024,12.76,13.03,11.79,11.92
02/26/2024,13.47,13.6,13.02,13.13
02/27/2024,13.34,13.41,12.84,12.84
02/28/2024,13.36,13.52,12.82,13.52
02/29/2024,13.03,13.41,12.18,12.48
03/01/2024,12.55,12.94,11.78,11.82
03/04/2024,13.46,13.48,13.01,13.23
03/05/2024,13.9,15.82,13.81,14.88
03/06/2024,14.33,15.84,14.27,14.88
03/07/2024,14.83,15.12,14.47,14.55
03/08/2024,14.21,15.72,14.1,14.63
03/11/2024,16.89,17.5,16.2,16.46
03/12/2024,14.96,15.87,14,14.07
03/13/2024,14.21,14.46,13.9,14.1
03/14/2024,13.82,16.37,13.8,14.87
03/15/2024,15.3,15.99,14.12,14.16
03/18/2024,15.11,15.18,14.41,14.5
03/19/2024,14.73,14.85,13.59,13.64
03/20/2024,14.24,14.34,11.58,11.58
03/21/2024,11.08,11.71,11.08,11.17
03/22/2024,11.45,11.46,10.49,10.86
03/25/2024,12.14,12.14,11.35,11.47
03/26/2024,11.64,11.99,11.08,11.59
03/27/2024,11.04,11.54,10.33,10.53
03/28/2024,11.06,11.07,10.47,10.56
04/01/2024,13.1,13.48,12.61,12.62
04/02/2024,14.43,15.51,14.01,14.03
04/03/2024,14.78,14.78,13.24,13.27
04/04/2024,13,18.14,12.48,17.14
04/05/2024,16.75,17,15.02,15.46
04/08/2024,16.17,16.54,14.55,14.56
04/09/2024,14.66,17.43,14.57,14.7
04/10/2024,16.17,17.07,14.58,15.81
04/11/2024,15.9,17.18,14.17,14.18
04/12/2024,17.62,20.78,17.06,17.33
04/15/2024,16.85,21.24,16.3,20.76
04/16/2024,20.57,21.32,18.49,19.24
04/17/2024,18.9,19.59,17.54,18.1
04/18/2024,17.85,18.64,17.13,17.88
04/19/2024,19.49,19.56,18.11,18.13
04/22/2024,19.02,19.2,17.15,17.45
04/23/2024,17.32,17.39,16.25,16.25
04/24/2024,16.6,17.14,15.85,16.29
04/25/2024,17.55,18.54,15.64,15.81
04/26/2024,16.07,16.22,14.58,14.67
04/29/2024,15.76,16.12,15.06,15.11
04/30/2024,15.86,17.21,15.41,16.66
05/01/2024,17.21,17.67,14.74,15.91
05/02/2024,15.6,17.05,14.75,14.86
05/03/2024,13.29,13.66,11.92,12
05/06/2024,13.62,13.92,13.07,13.13
05/07/2024,13.34,13.55,12.74,12.76
05/08/2024,13.58,13.6,12.35,12.48
05/09/2024,12.88,13.1,11.92,11.92
05/10/2024,12.28,12.56,11.71,11.82
05/13/2024,13.55,14.02,13.5,13.71
05/14/2024,13.84,13.96,13.13,13.31
05/15/2024,12.45,12.51,11.35,11.42
05/16/2024,11.35,11.53,10.9,10.96
05/17/2024,10.87,10.9,9.5,9.67
05/20/2024,10.84,11.54,10.48,10.53
05/21/2024,11.07,11.12,10.03,10.08
05/22/2024,10.61,11.7,10.49,11.14
05/23/2024,9.81,11.92,9.81,10.79
05/24/2024,10.57,10.8,8.95,9.19
05/28/2024,11.53,12.55,11.25,11.51
05/29/2024,13.26,13.45,12.66,13.41
05/30/2024,13.73,14.32,13.03,13.67
05/31/2024,13.22,14.33,11.56,11.68
06/03/2024,13.83,15.64,13.57,13.91
06/04/2024,14.92,15.52,14.27,14.28
06/05/2024,14.35,14.78,13.91,13.99
06/06/2024,13.93,14.32,13.33,13.47
06/07/2024,13.84,13.85,12.32,12.33
06/10/2024,13.69,13.73,12.67,12.85
06/11/2024,13.34,13.67,12.78,12.87
06/12/2024,11.66,12.02,10.13,10.4
06/13/2024,10.64,11.5,10.02,10.28
06/14/2024,11.41,12.01,10.61,11
06/17/2024,12.88,13.02,11.66,11.94
06/18/2024,11.72,12.08,10.93,11.12
06/20/2024,11.87,13.15,11.87,12.36
06/21/2024,12.59,12.59,10.69,10.96
06/24/2024,12.65,12.65,11.56,11.83
06/25/2024,11.9,11.96,11,11.1
06/26/2024,11.76,11.84,10.22,10.51
06/27/2024,10.91,11.05,10.36,10.49
06/28/2024,10.89,10.96,10.16,10.54
07/01/2024,12,12.67,10.76,10.93
07/02/2024,11.55,11.57,10.43,10.6
07/03/2024,10.74,11.02,10.54,10.72
07/05/2024,11.24,11.32,10.48,10.81
07/08/2024,11.77,11.95,11.01,11.05
07/09/2024,11.31,11.42,11.01,11.11
07/10/2024,11.26,12.22,10.94,12
07/11/2024,11.39,12.59,11.28,11.42
07/12/2024,11.06,11.06,10.07,10.55
07/15/2024,12.08,12.41,11.79,12.18
07/16/2024,12.26,12.35,11.74,11.8
07/17/2024,12.83,14,12.7,13.16
07/18/2024,13.57,15.76,12.93,14.9
07/19/2024,15.71,16.43,14.79,15.04
07/22/2024,16.5,16.5,14.65,14.79
07/23/2024,15.16,15.26,13.55,14.61
07/24/2024,15.59,20.13,15.55,19.79
07/25/2024,19.78,21.28,17.93,19.82
07/26/2024,18.63,18.68,16.78,16.81
07/29/2024,18.27,18.49,17.02,17.39
07/30/2024,17.57,19.94,17.19,18.9
07/31/2024,17.34,17.48,15.99,16.51
08/01/2024,16.47,21.15,15.74,19.54
08/02/2024,22.78,33.58,22.25,23.31
08/05/2024,76.04,76.04,32.22,42.79
08/06/2024,34.9,34.97,25,28.93
08/07/2024,23.12,32.69,22.23,29.26
08/08/2024,27.58,28.88,23.08,23.9
08/09/2024,24.33,25.11,19.83,20.06
08/12/2024,21.6,22.79,20.01,21.92
08/13/2024,20.74,20.84,18.45,18.57
08/14/2024,17.87,18.24,15.58,15.79
08/15/2024,14.86,15.72,14.21,14.37
08/16/2024,14.78,14.78,12.92,12.97
08/19/2024,15.45,15.46,13.97,14.12
08/20/2024,14.79,16.01,14.58,15.85
08/21/2024,16.26,17.24,15.56,15.65
08/22/2024,15.38,17.55,15.34,16.55
08/23/2024,16.1,16.33,13.36,13.69
08/26/2024,15.32,16.13,14.68,14.87
08/27/2024,15.69,15.84,14.11,14.17
08/28/2024,14.78,17.7,14.61,16.64
08/29/2024,14.81,14.81,13.6,13.73
08/30/2024,13.7,13.96,12.61,12.9
09/03/2024,16.18,21.61,16.13,20.07
09/04/2024,22.49,22.49,19.01,20.43
09/05/2024,20.42,21.31,18.62,19.54
09/06/2024,18.5,24.04,18.07,22.26
09/09/2024,22.07,22.14,19.63,19.67
09/10/2024,19.5,21.72,19.23,19.69
09/11/2024,19.35,22.61,17.65,17.88
09/12/2024,18.12,18.86,16.43,16.75
09/13/2024,17.12,17.14,15.36,15.8
09/16/2024,17.57,18.1,16.97,17.19
09/17/2024,17.38,19.28,17.02,18.09
09/18/2024,19.42,20.32,16.84,17.95
09/19/2024,15.42,16.27,14.44,14.66
09/20/2024,14.36,14.49,13.01,13.2
09/23/2024,15.35,15.41,14.16,14.35
09/24/2024,14.82,15.79,13.92,14.12
09/25/2024,14.31,14.85,14.11,14.24
09/26/2024,14.4,15.13,14.19,14.56
09/27/2024,14.65,15.79,13.92,15.74
09/30/2024,17.19,17.82,16.33,16.65
10/01/2024,17.04,22.41,17.04,19.55
10/02/2024,20.51,21.25,18.65,18.76
10/03/2024,19.79,20.97,18.9,20.41
10/04/2024,18.26,18.94,15.84,16.48
10/07/2024,18.48,21.77,17.8,20
10/08/2024,19.09,19.32,17.92,18
10/09/2024,17.64,17.64,16.26,16.41
10/10/2024,16.33,16.53,15.22,15.49
10/11/2024,15.18,15.18,13.83,14.33
10/14/2024,15.4,15.41,14.63,14.64
10/15/2024,14.51,15.83,14.12,14.88
10/16/2024,15.3,15.44,14.13,14.25
10/17/2024,14.39,14.94,13.78,13.85
10/18/2024,14.22,14.35,12.38,12.38
10/21/2024,15.1,16,14.39,14.39
10/22/2024,15.65,15.75,14.33,14.55
10/23/2024,15.26,18.59,15.19,16.49
10/24/2024,16.91,18.25,16.59,16.67
10/25/2024,16.62,18.97,16.42,18.49
10/28/2024,20.22,21.25,19.85,21.17
10/29/2024,22.33,22.86,21.28,21.77
10/30/2024,22.96,23.67,22.51,23.59
10/31/2024,25.05,27.06,24.38,26.05
11/01/2024,24.91,24.96,23.38,23.47
11/04/2024,26.44,27.24,25.36,25.77
11/05/2024,25.91,25.97,23.98,24.7
11/06/2024,16.37,17.41,15.67,15.85
11/07/2024,14.87,14.92,13.8,13.84
11/08/2024,13.35,13.38,12.84,13.09
11/11/2024,14.95,15.24,13.95,14
11/12/2024,14.49,14.66,13.91,13.92
11/13/2024,14.09,14.22,12.53,12.81
11/14/2024,12.87,13.16,12.31,13.13
11/15/2024,13.49,17.21,13.24,14.81
11/18/2024,16.14,16.19,13.83,13.98
11/19/2024,15.86,16.14,13.91,14.24
11/20/2024,14.21,16.76,14.14,15.08
11/21/2024,13.41,16.25,13.15,14.15
11/22/2024,13.83,13.97,11.44,11.46
11/25/2024,13.21,14.19,12.29,12.31
11/26/2024,12.55,12.55,11.72,11.73
11/27/2024,12.04,12.42,10.74,10.75
11/29/2024,12.12,12.12,10.89,10.89
12/02/2024,12.74,12.8,11.78,11.86
12/03/2024,12.25,12.59,11.81,11.87
12/04/2024,11.83,12.52,11.55,11.6
12/05/2024,11.86,11.96,11.31,11.68
12/06/2024,11.02,11.02,10.16,10.38
12/09/2024,12.15,13.2,12.07,12.97
12/10/2024,13.17,13.69,12.77,13.29
12/11/2024,12.67,12.67,12.03,12.04
12/12/2024,11.89,12.32,11.51,11.93
12/13/2024,11.05,12.07,10.71,10.9
12/16/2024,11.46,12.06,11.05,12.06
12/17/2024,12.8,13.9,12.51,13.39
12/18/2024,12.9,35.86,12.4,35.42
12/19/2024,20.55,25.32,18.75,23.72
12/20/2024,22.41,22.41,14.95,15.95
12/23/2024,17.34,19.7,14.51,14.76
12/24/2024,14.98,15.03,10.84,10.89
12/26/2024,12.63,13.54,11.38,11.63
12/27/2024,13.4,16.73,13.19,13.31
12/30/2024,16.98,18,15,15.81
12/31/2024,15.63,16.1,14.95,15.15
